062-PREB-U21-1-1,060-TMPL-U21-1-2
062-PREB-U21-1-1,060-WSLK-U21-1-2
062-PREB-U21-1-1,060-YALD-U21-1-2
062-PREB-U21-1-1,060-TMPL-U21-1-1
062-PREB-U21-1-1,060-OAKL-U21-1-2
062-PREB-U21-1-1,060-OAKL-U21-1-3
062-PREB-U21-1-1,060-SPRK-U21-1-2
062-PREB-U21-1-1,060-HRNS-U21-1-2
062-PREB-U21-1-1,060-WSLK-U21-1-3
062-PREB-U21-1-1,060-HLWL-U21-1-2
062-PREB-U21-1-1,060-HNBY-U21-1-2
062-PREB-U21-1-1,060-HRNS-U21-1-1
062-PREB-U21-1-1,060-WSLK-U21-1-1
062-PREB-U21-1-1,060-SPRK-U21-1-1
062-PREB-U21-1-1,062-ROLL-U21-1-3
062-PREB-U21-1-1,062-PREB-U21-1-2
062-PREB-U21-1-1,062-PREB-U21-1-3
062-PREB-U21-1-1,062-LEES-U21-1-3
062-PREB-U21-1-2,060-ISTN-U21-1-2
062-PREB-U21-1-2,060-TMPL-U21-1-2
062-PREB-U21-1-2,060-WSLK-U21-1-2
062-PREB-U21-1-2,060-OAKL-U21-1-2
062-PREB-U21-1-2,060-OAKL-U21-1-3
062-PREB-U21-1-2,060-SPRK-U21-1-2
062-PREB-U21-1-2,060-HRNS-U21-1-2
062-PREB-U21-1-2,060-HLWL-U21-1-2
062-PREB-U21-1-2,060-HNBY-U21-1-2
062-PREB-U21-1-2,062-ROLL-U21-1-2
062-PREB-U21-1-2,062-ROLL-U21-1-1
062-PREB-U21-1-2,062-PREB-U21-1-1
062-PREB-U21-1-2,062-PREB-U21-1-3
062-PREB-U21-1-2,062-LEES-U21-1-1
062-PREB-U21-1-2,062-LEES-U21-1-3
062-PREB-U21-1-2,062-LNUN-U21-1-3
062-PREB-U21-1-2,062-LNUN-U21-1-1
062-PREB-U21-1-3,060-TMPL-U21-1-3
062-PREB-U21-1-3,060-ISTN-U21-1-2
062-PREB-U21-1-3,060-TMPL-U21-1-2
062-PREB-U21-1-3,060-WSLK-U21-1-2
062-PREB-U21-1-3,060-TMPL-U21-1-1
062-PREB-U21-1-3,060-OAKL-U21-1-3
062-PREB-U21-1-3,060-HRNS-U21-1-2
062-PREB-U21-1-3,060-HRNS-U21-1-3
062-PREB-U21-1-3,060-HNBY-U21-1-2
062-PREB-U21-1-3,062-ROLL-U21-1-2
062-PREB-U21-1-3,062-ROLL-U21-1-1
062-PREB-U21-1-3,062-PREB-U21-1-1
062-PREB-U21-1-3,062-PREB-U21-1-2
062-PREB-U21-1-3,062-WMLC-U21-1-2
062-BRNM-U21-1-3,062-ROLL-U21-1-3
062-BRNM-U21-1-3,062-ROLL-U21-1-2
062-BRNM-U21-1-3,062-ROLL-U21-1-1
062-BRNM-U21-1-3,062-LEES-U21-1-1
062-BRNM-U21-1-3,062-LEES-U21-1-3
062-BRNM-U21-1-3,062-WMLC-U21-1-3
060-BRMS-U21-1-3,060-BROM-U21-1-3
060-BRMS-U21-1-3,060-BROM-U21-1-2
060-BRMS-U21-1-3,060-CSWY-U21-1-3
060-BRMS-U21-1-3,060-MTPT-U21-1-3
060-BRMS-U21-1-3,060-MTPT-U21-1-1
060-BRMS-U21-1-3,060-BRMS-U21-1-2
060-BRMS-U21-1-3,060-BRMS-U21-1-1
060-BRMS-U21-1-3,060-CHAR-U21-1-1
060-BRMS-U21-1-3,060-WOOL-U21-1-3
060-BRMS-U21-1-3,060-WOOL-U21-1-1
060-BRMS-U21-1-3,060-FRMD-U21-1-3
060-BRMS-U21-1-3,060-ESTG-U21-1-2
060-BRMS-U21-1-3,060-ESTG-U21-1-1
060-BRMS-U21-1-3,060-BXLY-U21-1-3
060-BRMS-U21-1-3,060-WALT-U21-1-1
060-BRMS-U21-1-3,060-RCMD-U21-1-2
060-BRMS-U21-1-3,060-RCMD-U21-1-1
060-BRMS-U21-1-3,060-NBRT-U21-1-2
060-BRMS-U21-1-3,060-WANN-U21-1-2
060-BRMS-U21-1-2,060-DALL-U21-1-2
060-BRMS-U21-1-2,060-BROM-U21-1-2
060-BRMS-U21-1-2,060-CSWY-U21-1-3
060-BRMS-U21-1-2,060-CSWY-U21-1-2
060-BRMS-U21-1-2,060-CSWY-U21-1-1
060-BRMS-U21-1-2,060-SMNR-U21-1-3
060-BRMS-U21-1-2,060-SMNR-U21-1-1
060-BRMS-U21-1-2,060-MTPT-U21-1-3
060-BRMS-U21-1-2,060-MTPT-U21-1-2
060-BRMS-U21-1-2,060-MTPT-U21-1-1
060-BRMS-U21-1-2,060-BRMS-U21-1-3
060-BRMS-U21-1-2,060-BRMS-U21-1-1
060-BRMS-U21-1-2,060-CHAR-U21-1-1
060-BRMS-U21-1-2,060-BRWD-U21-1-2
060-BRMS-U21-1-2,060-WOOL-U21-1-2
060-BRMS-U21-1-2,060-WOOL-U21-1-1
060-BRMS-U21-1-2,060-FRMD-U21-1-3
060-BRMS-U21-1-2,060-FRMD-U21-1-2
060-BRMS-U21-1-2,060-FRMD-U21-1-1
060-BRMS-U21-1-2,060-STHX-U21-1-2
060-BRMS-U21-1-2,060-ARAN-U21-1-2
060-BRMS-U21-1-2,060-TUNN-U21-1-1
060-BRMS-U21-1-2,060-TUNN-U21-1-2
060-BRMS-U21-1-2,060-HEAT-U21-1-3
060-BRMS-U21-1-2,060-HEAT-U21-1-2
060-BRMS-U21-1-2,060-HEAT-U21-1-1
060-BRMS-U21-1-2,060-HLBR-U21-1-2
060-BRMS-U21-1-2,060-HLBR-U21-1-1
060-BRMS-U21-1-2,060-STSH-U21-1-2
060-BRMS-U21-1-2,060-BXLN-U21-1-2
060-BRMS-U21-1-2,060-NTBH-U21-1-2
060-BRMS-U21-1-2,060-QEII-U21-1-2
060-BRMS-U21-1-2,060-BXLY-U21-1-3
060-BRMS-U21-1-2,060-BXLY-U21-1-2
060-BRMS-U21-1-2,060-LTTN-U21-1-3
060-BRMS-U21-1-2,060-DHBR-U21-1-1
060-BRMS-U21-1-2,060-SPVL-U21-1-3
060-BRMS-U21-1-1,060-BROM-U21-1-3
060-BRMS-U21-1-1,060-BROM-U21-1-2
060-BRMS-U21-1-1,060-BROM-U21-1-1
060-BRMS-U21-1-1,060-CSWY-U21-1-3
060-BRMS-U21-1-1,060-CSWY-U21-1-1
060-BRMS-U21-1-1,060-MTPT-U21-1-1
060-BRMS-U21-1-1,060-BRMS-U21-1-3
060-BRMS-U21-1-1,060-BRMS-U21-1-2
060-BRMS-U21-1-1,060-WOOL-U21-1-1
060-BRMS-U21-1-1,060-FRMD-U21-1-3
060-BRMS-U21-1-1,060-FRMD-U21-1-1
060-BRMS-U21-1-1,060-ARAN-U21-1-1
060-BRMS-U21-1-1,060-ARAN-U21-1-2
060-BRMS-U21-1-1,060-ARAN-U21-1-3
060-BRMS-U21-1-1,060-TUNN-U21-1-1
060-BRMS-U21-1-1,060-HEAT-U21-1-1
060-BRMS-U21-1-1,060-STSH-U21-1-1
060-BRMS-U21-1-1,060-BXLN-U21-1-2
060-BRMS-U21-1-1,060-BXLN-U21-1-1
060-BRMS-U21-1-1,060-BXLY-U21-1-3
060-BRMS-U21-1-1,060-BXLY-U21-1-2
060-BRMS-U21-1-1,060-BXLY-U21-1-1
060-BRMS-U21-1-1,060-NBRT-U21-1-3
060-BRMS-U21-1-1,060-NBRT-U21-1-2
060-BRMS-U21-1-1,060-NBRT-U21-1-1
060-BRMS-U21-1-1,060-WANN-U21-1-1
060-BRMS-U21-1-1,060-WANN-U21-1-2
060-MRHU-U21-1-3,060-NCTE-U21-1-3
060-MRHU-U21-1-3,060-NCTE-U21-1-2
060-MRHU-U21-1-3,060-NCTE-U21-1-1
060-MRHU-U21-1-3,060-DALL-U21-1-3
060-MRHU-U21-1-3,060-SLBR-U21-1-1
060-MRHU-U21-1-3,060-BRWD-U21-1-3
060-MRHU-U21-1-3,060-STHX-U21-1-1
060-MRHU-U21-1-3,060-MRHU-U21-1-2
060-MRHU-U21-1-3,060-MRHU-U21-1-1
060-MRHU-U21-1-3,060-MRVL-U21-1-1
060-MRHU-U21-1-3,060-CUNI-U21-1-1
060-MRHU-U21-1-3,060-CASE-U21-1-1
060-MRHU-U21-1-3,060-CRNF-U21-1-3
060-MRHU-U21-1-3,060-CRNF-U21-1-1
060-MRHU-U21-1-3,060-STYX-U21-1-2
060-MRHU-U21-1-3,060-STYX-U21-1-1
060-MRHU-U21-1-3,060-CWTR-U21-1-2
060-MRHU-U21-1-3,060-HARE-U21-1-1
060-MRHU-U21-1-3,060-STAL-U21-1-3
060-MRHU-U21-1-3,060-SHRL-U21-1-3
060-MRHU-U21-1-3,060-PPNI-U21-1-1
060-MRHU-U21-1-3,060-BLFS-U21-1-2
060-MRHU-U21-1-3,060-BSDL-U21-1-1
060-MRHU-U21-1-3,060-NCTW-U21-1-1
060-MRHU-U21-1-2,060-NCTE-U21-1-2
060-MRHU-U21-1-2,060-AVND-U21-1-3
060-MRHU-U21-1-2,060-DALL-U21-1-3
060-MRHU-U21-1-2,060-DALL-U21-1-2
060-MRHU-U21-1-2,060-DALL-U21-1-1
060-MRHU-U21-1-2,060-SLBR-U21-1-1
060-MRHU-U21-1-2,060-STHX-U21-1-1
060-MRHU-U21-1-2,060-HEAT-U21-1-2
060-MRHU-U21-1-2,060-MRHU-U21-1-3
060-MRHU-U21-1-2,060-MRHU-U21-1-1
060-MRHU-U21-1-2,060-MRVL-U21-1-1
060-MRHU-U21-1-2,060-QEII-U21-1-3
060-MRHU-U21-1-2,060-HGLY-U21-1-3
060-MRHU-U21-1-2,060-LTTN-U21-1-1
060-MRHU-U21-1-2,060-CRNF-U21-1-2
060-MRHU-U21-1-2,060-CRNF-U21-1-1
060-MRHU-U21-1-2,060-DHBR-U21-1-1
060-MRHU-U21-1-2,060-DHBR-U21-1-3
060-MRHU-U21-1-2,060-CLTN-U21-1-1
060-MRHU-U21-1-2,060-SPVL-U21-1-3
060-MRHU-U21-1-2,060-STAL-U21-1-3
060-MRHU-U21-1-2,060-STAL-U21-1-1
060-MRHU-U21-1-2,060-WANN-U21-1-2
060-MRHU-U21-1-2,060-WANN-U21-1-3
060-MRHU-U21-1-2,060-SHRL-U21-1-1
060-MRHU-U21-1-2,060-SHRL-U21-1-2
060-MRHU-U21-1-2,060-SHRL-U21-1-3
060-MRHU-U21-1-2,060-BSDL-U21-1-1
060-MRHU-U21-1-2,060-AVON-U21-1-1
060-MRHU-U21-1-2,060-AVON-U21-1-3
060-MRHU-U21-1-1,060-NCTE-U21-1-2
060-MRHU-U21-1-1,060-AVND-U21-1-3
060-MRHU-U21-1-1,060-DALL-U21-1-3
060-MRHU-U21-1-1,060-DALL-U21-1-1
060-MRHU-U21-1-1,060-SLBR-U21-1-1
060-MRHU-U21-1-1,060-BRWD-U21-1-3
060-MRHU-U21-1-1,060-BRWD-U21-1-2
060-MRHU-U21-1-1,060-BRWD-U21-1-1
060-MRHU-U21-1-1,060-STHX-U21-1-1
060-MRHU-U21-1-1,060-ARAN-U21-1-3
060-MRHU-U21-1-1,060-PRKL-U21-1-3
060-MRHU-U21-1-1,060-PRKL-U21-1-2
060-MRHU-U21-1-1,060-MRHU-U21-1-3
060-MRHU-U21-1-1,060-MRHU-U21-1-2
060-MRHU-U21-1-1,060-BXLN-U21-1-3
060-MRHU-U21-1-1,060-MRVL-U21-1-1
060-MRHU-U21-1-1,060-CUNI-U21-1-1
060-MRHU-U21-1-1,060-NTBH-U21-1-3
060-MRHU-U21-1-1,060-QEII-U21-1-3
060-MRHU-U21-1-1,060-CASE-U21-1-1
060-MRHU-U21-1-1,060-CRNF-U21-1-1
060-MRHU-U21-1-1,060-MARS-U21-1-2
060-MRHU-U21-1-1,060-STYX-U21-1-1
060-MRHU-U21-1-1,060-CLTN-U21-1-1
060-MRHU-U21-1-1,060-STAL-U21-1-1
060-MRHU-U21-1-1,060-WANN-U21-1-1
060-MRHU-U21-1-1,060-WANN-U21-1-3
060-MRHU-U21-1-1,060-SHRL-U21-1-1
060-MRHU-U21-1-1,060-BSDL-U21-1-1
060-MRHU-U21-1-1,060-NCTW-U21-1-1
060-ESTG-U21-1-3,060-DALL-U21-1-2
060-ESTG-U21-1-3,060-BROM-U21-1-3
060-ESTG-U21-1-3,060-AVWE-U21-1-3
060-ESTG-U21-1-3,060-AVWE-U21-1-2
060-ESTG-U21-1-3,060-AVWE-U21-1-1
060-ESTG-U21-1-3,060-RCTN-U21-1-3
060-ESTG-U21-1-3,060-RCTN-U21-1-2
060-ESTG-U21-1-3,060-RCTN-U21-1-1
060-ESTG-U21-1-3,060-FITZ-U21-1-3
060-ESTG-U21-1-3,060-FITZ-U21-1-2
060-ESTG-U21-1-3,060-FITZ-U21-1-1
060-ESTG-U21-1-3,060-CHAR-U21-1-3
060-ESTG-U21-1-3,060-SLBR-U21-1-2
060-ESTG-U21-1-3,060-WOOL-U21-1-3
060-ESTG-U21-1-3,060-HNBY-U21-1-2
060-ESTG-U21-1-3,060-ESTG-U21-1-2
060-ESTG-U21-1-3,060-ESTG-U21-1-1
060-ESTG-U21-1-3,060-SYDN-U21-1-1
060-ESTG-U21-1-3,060-MOOR-U21-1-1
060-ESTG-U21-1-3,060-RCMD-U21-1-3
060-ESTG-U21-1-3,060-RCMD-U21-1-2
060-ESTG-U21-1-3,060-RCMD-U21-1-1
060-ESTG-U21-1-3,060-SYDM-U21-1-1
060-ESTG-U21-1-3,060-STAL-U21-1-1
060-ESTG-U21-1-3,060-TWRJ-U21-1-3
060-ESTG-U21-1-3,060-TWRJ-U21-1-2
060-ESTG-U21-1-3,060-TWRJ-U21-1-1
060-ESTG-U21-1-3,060-WANN-U21-1-3
060-ESTG-U21-1-3,060-SHRL-U21-1-2
060-ESTG-U21-1-3,060-PPNI-U21-1-1
060-ESTG-U21-1-3,060-CSTH-U21-1-1
060-ESTG-U21-1-3,060-AVON-U21-1-1
060-ESTG-U21-1-3,060-AVON-U21-1-2
060-ESTG-U21-1-3,060-AVON-U21-1-3
060-ESTG-U21-1-3,060-CONE-U21-1-2
060-ESTG-U21-1-3,060-CEXC-U21-1-2
060-ESTG-U21-1-2,060-DALL-U21-1-2
060-ESTG-U21-1-2,060-BROM-U21-1-3
060-ESTG-U21-1-2,060-BROM-U21-1-2
060-ESTG-U21-1-2,060-RCTN-U21-1-3
060-ESTG-U21-1-2,060-RCTN-U21-1-2
060-ESTG-U21-1-2,060-RCTN-U21-1-1
060-ESTG-U21-1-2,060-SMNR-U21-1-3
060-ESTG-U21-1-2,060-SMNR-U21-1-2
060-ESTG-U21-1-2,060-FITZ-U21-1-3
060-ESTG-U21-1-2,060-FITZ-U21-1-2
060-ESTG-U21-1-2,060-FITZ-U21-1-1
060-ESTG-U21-1-2,060-MTPT-U21-1-3
060-ESTG-U21-1-2,060-BRMS-U21-1-3
060-ESTG-U21-1-2,060-CHAR-U21-1-3
060-ESTG-U21-1-2,060-CHAR-U21-1-2
060-ESTG-U21-1-2,060-CHAR-U21-1-1
060-ESTG-U21-1-2,060-WOOL-U21-1-3
060-ESTG-U21-1-2,060-WOOL-U21-1-2
060-ESTG-U21-1-2,060-WOOL-U21-1-1
060-ESTG-U21-1-2,060-FRMD-U21-1-3
060-ESTG-U21-1-2,060-HEAT-U21-1-2
060-ESTG-U21-1-2,060-HEAT-U21-1-1
060-ESTG-U21-1-2,060-HLBR-U21-1-3
060-ESTG-U21-1-2,060-HLBR-U21-1-2
060-ESTG-U21-1-2,060-HLBR-U21-1-1
060-ESTG-U21-1-2,060-HNBY-U21-1-2
060-ESTG-U21-1-2,060-ESTG-U21-1-3
060-ESTG-U21-1-2,060-ESTG-U21-1-1
060-ESTG-U21-1-2,060-SYDW-U21-1-1
060-ESTG-U21-1-2,060-SYDS-U21-1-1
060-ESTG-U21-1-2,060-MOOR-U21-1-2
060-ESTG-U21-1-2,060-MOOR-U21-1-1
060-ESTG-U21-1-2,060-WALT-U21-1-2
060-ESTG-U21-1-2,060-WALT-U21-1-1
060-ESTG-U21-1-2,060-STMT-U21-1-2
060-ESTG-U21-1-2,060-STMT-U21-1-1
060-ESTG-U21-1-2,060-RCMD-U21-1-2
060-ESTG-U21-1-2,060-SYDM-U21-1-1
060-ESTG-U21-1-2,060-SPVL-U21-1-2
060-ESTG-U21-1-2,060-TWRJ-U21-1-3
060-ESTG-U21-1-2,060-TWRJ-U21-1-2
060-ESTG-U21-1-2,060-TWRJ-U21-1-1
060-ESTG-U21-1-2,060-HNTB-U21-1-2
060-ESTG-U21-1-2,060-WANN-U21-1-2
060-ESTG-U21-1-2,060-CSTH-U21-1-1
060-ESTG-U21-1-2,060-AVON-U21-1-1
060-ESTG-U21-1-2,060-AVON-U21-1-2
060-ESTG-U21-1-2,060-AVON-U21-1-3
060-ESTG-U21-1-2,060-CONE-U21-1-2
060-ESTG-U21-1-1,060-DALL-U21-1-2
060-ESTG-U21-1-1,060-BROM-U21-1-3
060-ESTG-U21-1-1,060-BROM-U21-1-2
060-ESTG-U21-1-1,060-CSWY-U21-1-3
060-ESTG-U21-1-1,060-RCTN-U21-1-3
060-ESTG-U21-1-1,060-RCTN-U21-1-2
060-ESTG-U21-1-1,060-RCTN-U21-1-1
060-ESTG-U21-1-1,060-FITZ-U21-1-3
060-ESTG-U21-1-1,060-FITZ-U21-1-2
060-ESTG-U21-1-1,060-FITZ-U21-1-1
060-ESTG-U21-1-1,060-BRMS-U21-1-3
060-ESTG-U21-1-1,060-CHAR-U21-1-1
060-ESTG-U21-1-1,060-WOOL-U21-1-3
060-ESTG-U21-1-1,060-WOOL-U21-1-1
060-ESTG-U21-1-1,060-FRMD-U21-1-3
060-ESTG-U21-1-1,060-ARAN-U21-1-3
060-ESTG-U21-1-1,060-HEAT-U21-1-1
060-ESTG-U21-1-1,060-ESTG-U21-1-3
060-ESTG-U21-1-1,060-ESTG-U21-1-2
060-ESTG-U21-1-1,060-BXLY-U21-1-3
060-ESTG-U21-1-1,060-SYDW-U21-1-1
060-ESTG-U21-1-1,060-SYDS-U21-1-1
060-ESTG-U21-1-1,060-SYDN-U21-1-1
060-ESTG-U21-1-1,060-MOOR-U21-1-1
060-ESTG-U21-1-1,060-WALT-U21-1-1
060-ESTG-U21-1-1,060-RCMD-U21-1-3
060-ESTG-U21-1-1,060-RCMD-U21-1-2
060-ESTG-U21-1-1,060-RCMD-U21-1-1
060-ESTG-U21-1-1,060-TWRJ-U21-1-2
060-ESTG-U21-1-1,060-TWRJ-U21-1-1
060-ESTG-U21-1-1,060-WANN-U21-1-1
060-ESTG-U21-1-1,060-WANN-U21-1-2
060-ESTG-U21-1-1,060-WANN-U21-1-3
060-ESTG-U21-1-1,060-CSTH-U21-1-1
060-ESTG-U21-1-1,060-AVON-U21-1-1
060-ESTG-U21-1-1,060-AVON-U21-1-2
060-CAIR-U21-1-3,060-BRMF-U21-1-3
060-CAIR-U21-1-3,060-ISTN-U21-1-1
060-CAIR-U21-1-3,060-YALD-U21-1-3
060-CAIR-U21-1-3,060-YALD-U21-1-1
060-CAIR-U21-1-3,060-CUNI-U21-1-3
060-CAIR-U21-1-3,060-WAIM-U21-1-3
060-CAIR-U21-1-3,060-HYDE-U21-1-3
060-CAIR-U21-1-3,060-ATOW-U21-1-3
060-CAIR-U21-1-3,060-ATOW-U21-1-2
060-CAIR-U21-1-3,060-ATOW-U21-1-1
060-CAIR-U21-1-3,060-CAIR-U21-1-2
060-CAIR-U21-1-3,060-CAIR-U21-1-1
060-CAIR-U21-1-3,060-BSHN-U21-1-3
060-CAIR-U21-1-3,060-WRKI-U21-1-3
060-CAIR-U21-1-3,060-BRNT-U21-1-3
060-CAIR-U21-1-3,060-HARE-U21-1-3
060-CAIR-U21-1-3,060-BURN-U21-1-3
060-CAIR-U21-1-3,060-BURN-U21-1-2
060-CAIR-U21-1-3,060-PPNI-U21-1-3
060-CAIR-U21-1-3,060-NCTW-U21-1-3
060-CAIR-U21-1-3,062-WMLC-U21-1-1
060-CAIR-U21-1-3,062-WMLC-U21-1-2
060-CAIR-U21-1-2,060-BRMF-U21-1-3
060-CAIR-U21-1-2,060-RUSE-U21-1-1
060-CAIR-U21-1-2,060-CUNI-U21-1-3
060-CAIR-U21-1-2,060-WAIM-U21-1-3
060-CAIR-U21-1-2,060-HYDE-U21-1-3
060-CAIR-U21-1-2,060-HYDE-U21-1-2
060-CAIR-U21-1-2,060-HYDE-U21-1-1
060-CAIR-U21-1-2,060-ATOW-U21-1-3
060-CAIR-U21-1-2,060-ATOW-U21-1-2
060-CAIR-U21-1-2,060-ATOW-U21-1-1
060-CAIR-U21-1-2,060-CAIR-U21-1-3
060-CAIR-U21-1-2,060-CAIR-U21-1-1
060-CAIR-U21-1-2,060-LTTN-U21-1-2
060-CAIR-U21-1-2,060-WRKI-U21-1-3
060-CAIR-U21-1-2,060-WRKI-U21-1-2
060-CAIR-U21-1-2,060-WRKI-U21-1-1
060-CAIR-U21-1-2,060-BRNT-U21-1-3
060-CAIR-U21-1-2,060-BRNT-U21-1-1
060-CAIR-U21-1-2,060-HARE-U21-1-2
060-CAIR-U21-1-2,060-BURN-U21-1-3
060-CAIR-U21-1-2,060-BURN-U21-1-2
060-CAIR-U21-1-2,060-BURN-U21-1-1
060-CAIR-U21-1-2,060-PPNI-U21-1-3
060-CAIR-U21-1-2,060-BSDL-U21-1-2
060-CAIR-U21-1-1,060-NCTE-U21-1-3
060-CAIR-U21-1-1,060-RUSE-U21-1-1
060-CAIR-U21-1-1,060-CUNI-U21-1-3
060-CAIR-U21-1-1,060-HYDE-U21-1-3
060-CAIR-U21-1-1,060-HYDE-U21-1-1
060-CAIR-U21-1-1,060-ATOW-U21-1-2
060-CAIR-U21-1-1,060-ATOW-U21-1-1
060-CAIR-U21-1-1,060-ELMW-U21-1-3
060-CAIR-U21-1-1,060-CAIR-U21-1-3
060-CAIR-U21-1-1,060-CAIR-U21-1-2
060-CAIR-U21-1-1,060-CASE-U21-1-3
060-CAIR-U21-1-1,060-STYX-U21-1-3
060-CAIR-U21-1-1,060-WRKI-U21-1-3
060-CAIR-U21-1-1,060-WRKI-U21-1-1
060-CAIR-U21-1-1,060-BRNT-U21-1-1
060-CAIR-U21-1-1,060-CWTR-U21-1-3
060-CAIR-U21-1-1,060-HARE-U21-1-3
060-CAIR-U21-1-1,060-HARE-U21-1-2
060-CAIR-U21-1-1,060-HARE-U21-1-1
060-CAIR-U21-1-1,060-BURN-U21-1-3
060-CAIR-U21-1-1,060-PPNI-U21-1-3
060-CAIR-U21-1-1,060-BLFS-U21-1-3
060-CAIR-U21-1-1,060-BSDL-U21-1-3
060-CAIR-U21-1-1,060-NCTW-U21-1-3
060-CASE-U21-1-3,060-ATOW-U21-1-1
060-CASE-U21-1-3,060-ELMW-U21-1-3
060-CASE-U21-1-3,060-CAIR-U21-1-1
060-CASE-U21-1-3,060-CASE-U21-1-2
060-CASE-U21-1-3,060-CASE-U21-1-1
060-CASE-U21-1-3,060-STYX-U21-1-3
060-CASE-U21-1-3,060-WRKI-U21-1-1
060-CASE-U21-1-3,060-BRNT-U21-1-1
060-CASE-U21-1-3,060-CWTR-U21-1-3
060-CASE-U21-1-3,060-HARE-U21-1-3
060-CASE-U21-1-3,060-HARE-U21-1-2
060-CASE-U21-1-3,060-HARE-U21-1-1
060-CASE-U21-1-3,060-BURN-U21-1-3
060-CASE-U21-1-3,060-PPNI-U21-1-1
060-CASE-U21-1-3,060-PPNI-U21-1-3
060-CASE-U21-1-3,060-BSDL-U21-1-3
060-CASE-U21-1-3,060-NCTW-U21-1-3
060-CASE-U21-1-3,059-OHOK-U21-1-3
060-CASE-U21-1-2,060-NCTE-U21-1-3
060-CASE-U21-1-2,060-WAIM-U21-1-1
060-CASE-U21-1-2,060-HYDE-U21-1-1
060-CASE-U21-1-2,060-ELMW-U21-1-3
060-CASE-U21-1-2,060-CASE-U21-1-3
060-CASE-U21-1-2,060-CASE-U21-1-1
060-CASE-U21-1-2,060-CRNF-U21-1-3
060-CASE-U21-1-2,060-STYX-U21-1-2
060-CASE-U21-1-2,060-WRKI-U21-1-2
060-CASE-U21-1-2,060-WRKI-U21-1-1
060-CASE-U21-1-2,060-BRNT-U21-1-3
060-CASE-U21-1-2,060-BRNT-U21-1-2
060-CASE-U21-1-2,060-BRNT-U21-1-1
060-CASE-U21-1-2,060-HARE-U21-1-2
060-CASE-U21-1-2,060-BURN-U21-1-3
060-CASE-U21-1-2,060-BURN-U21-1-1
060-CASE-U21-1-2,060-PPNI-U21-1-1
060-CASE-U21-1-2,060-PPNI-U21-1-2
060-CASE-U21-1-2,060-PPNI-U21-1-3
060-CASE-U21-1-2,060-BSDL-U21-1-1
060-CASE-U21-1-2,060-BSDL-U21-1-2
060-CASE-U21-1-2,060-BSDL-U21-1-3
060-CASE-U21-1-2,060-NCTW-U21-1-1
060-CASE-U21-1-2,060-NCTW-U21-1-2
060-CASE-U21-1-2,060-NCTW-U21-1-3
060-CASE-U21-1-1,060-NCTE-U21-1-3
060-CASE-U21-1-1,060-NCTE-U21-1-1
060-CASE-U21-1-1,060-BRWD-U21-1-3
060-CASE-U21-1-1,060-PRKL-U21-1-3
060-CASE-U21-1-1,060-MRHU-U21-1-3
060-CASE-U21-1-1,060-MRHU-U21-1-1
060-CASE-U21-1-1,060-BXLN-U21-1-3
060-CASE-U21-1-1,060-CASE-U21-1-3
060-CASE-U21-1-1,060-CASE-U21-1-2
060-CASE-U21-1-1,060-CRNF-U21-1-3
060-CASE-U21-1-1,060-MARS-U21-1-2
060-CASE-U21-1-1,060-STYX-U21-1-3
060-CASE-U21-1-1,060-STYX-U21-1-2
060-CASE-U21-1-1,060-STYX-U21-1-1
060-CASE-U21-1-1,060-BRNT-U21-1-1
060-CASE-U21-1-1,060-CWTR-U21-1-3
060-CASE-U21-1-1,060-CWTR-U21-1-2
060-CASE-U21-1-1,060-HARE-U21-1-2
060-CASE-U21-1-1,060-HARE-U21-1-1
060-CASE-U21-1-1,060-PPNI-U21-1-1
060-CASE-U21-1-1,060-BLFS-U21-1-2
060-CASE-U21-1-1,060-BSDL-U21-1-1
060-CASE-U21-1-1,060-BSDL-U21-1-3
060-CASE-U21-1-1,060-NCTW-U21-1-1
060-CASE-U21-1-1,060-NCTW-U21-1-2
060-CASE-U21-1-1,060-NCTW-U21-1-3
060-STYX-U21-1-3,060-NCTE-U21-1-1
060-STYX-U21-1-3,060-ATOW-U21-1-1
060-STYX-U21-1-3,060-CAIR-U21-1-1
060-STYX-U21-1-3,060-CASE-U21-1-3
060-STYX-U21-1-3,060-CASE-U21-1-1
060-STYX-U21-1-3,060-MARS-U21-1-3
060-STYX-U21-1-3,060-STYX-U21-1-2
060-STYX-U21-1-3,060-STYX-U21-1-1
060-STYX-U21-1-3,060-WRKI-U21-1-1
060-STYX-U21-1-3,060-BRNT-U21-1-1
060-STYX-U21-1-3,060-CWTR-U21-1-3
060-STYX-U21-1-3,060-CWTR-U21-1-2
060-STYX-U21-1-3,060-CWTR-U21-1-1
060-STYX-U21-1-3,060-HARE-U21-1-3
060-STYX-U21-1-3,060-HARE-U21-1-2
060-STYX-U21-1-3,060-HARE-U21-1-1
060-STYX-U21-1-3,060-BRND-U21-1-2
060-STYX-U21-1-3,060-PPNI-U21-1-1
060-STYX-U21-1-3,060-BLFS-U21-1-3
060-STYX-U21-1-3,060-BSDL-U21-1-3
060-STYX-U21-1-3,060-NCTW-U21-1-1
060-STYX-U21-1-3,060-NCTW-U21-1-3
060-STYX-U21-1-2,060-NCTE-U21-1-3
060-STYX-U21-1-2,060-NCTE-U21-1-2
060-STYX-U21-1-2,060-NCTE-U21-1-1
060-STYX-U21-1-2,060-MRHU-U21-1-3
060-STYX-U21-1-2,060-MRVL-U21-1-3
060-STYX-U21-1-2,060-ELMW-U21-1-1
060-STYX-U21-1-2,060-CASE-U21-1-2
060-STYX-U21-1-2,060-CASE-U21-1-1
060-STYX-U21-1-2,060-CRNF-U21-1-3
060-STYX-U21-1-2,060-CRNF-U21-1-2
060-STYX-U21-1-2,060-STYX-U21-1-3
060-STYX-U21-1-2,060-STYX-U21-1-1
060-STYX-U21-1-2,060-BRNT-U21-1-1
060-STYX-U21-1-2,060-CWTR-U21-1-2
060-STYX-U21-1-2,060-HARE-U21-1-2
060-STYX-U21-1-2,060-HARE-U21-1-1
060-STYX-U21-1-2,060-STAL-U21-1-3
060-STYX-U21-1-2,060-PPNI-U21-1-1
060-STYX-U21-1-2,060-PPNI-U21-1-2
060-STYX-U21-1-2,060-PPNI-U21-1-3
060-STYX-U21-1-2,060-BLFS-U21-1-2
060-STYX-U21-1-2,060-BSDL-U21-1-1
060-STYX-U21-1-2,060-NCTW-U21-1-1
060-STYX-U21-1-2,060-NCTW-U21-1-2
060-STYX-U21-1-2,060-NCTW-U21-1-3
060-STYX-U21-1-1,060-NCTE-U21-1-1
060-STYX-U21-1-1,060-BRWD-U21-1-3
060-STYX-U21-1-1,060-PRKL-U21-1-3
060-STYX-U21-1-1,060-MRHU-U21-1-3
060-STYX-U21-1-1,060-MRHU-U21-1-1
060-STYX-U21-1-1,060-NTBH-U21-1-3
060-STYX-U21-1-1,060-CASE-U21-1-1
060-STYX-U21-1-1,060-MARS-U21-1-3
060-STYX-U21-1-1,060-MARS-U21-1-2
060-STYX-U21-1-1,060-MARS-U21-1-1
060-STYX-U21-1-1,060-STYX-U21-1-3
060-STYX-U21-1-1,060-STYX-U21-1-2
060-STYX-U21-1-1,060-CWTR-U21-1-3
060-STYX-U21-1-1,060-CWTR-U21-1-2
060-STYX-U21-1-1,060-CWTR-U21-1-1
060-STYX-U21-1-1,060-SPVL-U21-1-3
060-STYX-U21-1-1,060-SPVL-U21-1-2
060-STYX-U21-1-1,060-HARE-U21-1-1
060-STYX-U21-1-1,060-BRND-U21-1-1
060-STYX-U21-1-1,060-BRND-U21-1-2
060-STYX-U21-1-1,060-BRND-U21-1-3
060-STYX-U21-1-1,060-PPNI-U21-1-1
060-STYX-U21-1-1,060-BLFS-U21-1-1
060-STYX-U21-1-1,060-BLFS-U21-1-2
060-STYX-U21-1-1,060-BLFS-U21-1-3
060-STYX-U21-1-1,060-BSDL-U21-1-1
060-STYX-U21-1-1,060-NCTW-U21-1-1
060-WRKI-U21-1-3,060-BRMF-U21-1-3
060-WRKI-U21-1-3,060-YALD-U21-1-3
060-WRKI-U21-1-3,060-YALD-U21-1-1
060-WRKI-U21-1-3,060-CUNI-U21-1-3
060-WRKI-U21-1-3,060-WAIM-U21-1-3
060-WRKI-U21-1-3,060-HYDE-U21-1-3
060-WRKI-U21-1-3,060-HYDE-U21-1-1
060-WRKI-U21-1-3,060-ATOW-U21-1-3
060-WRKI-U21-1-3,060-ATOW-U21-1-2
060-WRKI-U21-1-3,060-ATOW-U21-1-1
060-WRKI-U21-1-3,060-CAIR-U21-1-3
060-WRKI-U21-1-3,060-CAIR-U21-1-2
060-WRKI-U21-1-3,060-CAIR-U21-1-1
060-WRKI-U21-1-3,060-WRKI-U21-1-2
060-WRKI-U21-1-3,060-WRKI-U21-1-1
060-WRKI-U21-1-3,060-BRNT-U21-1-3
060-WRKI-U21-1-3,060-HARE-U21-1-3
060-WRKI-U21-1-3,060-BURN-U21-1-3
060-WRKI-U21-1-3,060-BURN-U21-1-2
060-WRKI-U21-1-3,060-BURN-U21-1-1
060-WRKI-U21-1-3,060-PPNI-U21-1-3
060-WRKI-U21-1-3,060-BSDL-U21-1-2
060-WRKI-U21-1-2,060-BRMF-U21-1-1
060-WRKI-U21-1-2,060-SPRK-U21-1-1
060-WRKI-U21-1-2,060-CUNI-U21-1-3
060-WRKI-U21-1-2,060-CUNI-U21-1-1
060-WRKI-U21-1-2,060-WAIM-U21-1-3
060-WRKI-U21-1-2,060-WAIM-U21-1-2
060-WRKI-U21-1-2,060-WAIM-U21-1-1
060-WRKI-U21-1-2,060-HYDE-U21-1-1
060-WRKI-U21-1-2,060-ELMW-U21-1-3
060-WRKI-U21-1-2,060-ELMW-U21-1-1
060-WRKI-U21-1-2,060-CAIR-U21-1-2
060-WRKI-U21-1-2,060-LTTN-U21-1-3
060-WRKI-U21-1-2,060-CASE-U21-1-2
060-WRKI-U21-1-2,060-WRKI-U21-1-3
060-WRKI-U21-1-2,060-WRKI-U21-1-1
060-WRKI-U21-1-2,060-BRNT-U21-1-3
060-WRKI-U21-1-2,060-BRNT-U21-1-2
060-WRKI-U21-1-2,060-BRNT-U21-1-1
060-WRKI-U21-1-2,060-DHBR-U21-1-3
060-WRKI-U21-1-2,060-HARE-U21-1-2
060-WRKI-U21-1-2,060-BURN-U21-1-3
060-WRKI-U21-1-2,060-BURN-U21-1-1
060-WRKI-U21-1-2,060-PPNI-U21-1-3
060-WRKI-U21-1-2,060-BRYN-U21-1-1
060-WRKI-U21-1-2,060-BRYN-U21-1-2
060-WRKI-U21-1-2,060-BRYN-U21-1-3
060-WRKI-U21-1-2,060-BSDL-U21-1-1
060-WRKI-U21-1-2,060-BSDL-U21-1-2
060-WRKI-U21-1-2,060-BSDL-U21-1-3
060-WRKI-U21-1-2,060-NCTW-U21-1-3
060-WRKI-U21-1-1,060-HYDE-U21-1-1
060-WRKI-U21-1-1,060-ATOW-U21-1-1
060-WRKI-U21-1-1,060-ELMW-U21-1-3
060-WRKI-U21-1-1,060-CAIR-U21-1-2
060-WRKI-U21-1-1,060-CAIR-U21-1-1
060-WRKI-U21-1-1,060-CASE-U21-1-3
060-WRKI-U21-1-1,060-CASE-U21-1-2
060-WRKI-U21-1-1,060-STYX-U21-1-3
060-WRKI-U21-1-1,060-WRKI-U21-1-3
060-WRKI-U21-1-1,060-WRKI-U21-1-2
060-WRKI-U21-1-1,060-BRNT-U21-1-3
060-WRKI-U21-1-1,060-BRNT-U21-1-1
060-WRKI-U21-1-1,060-HARE-U21-1-3
060-WRKI-U21-1-1,060-HARE-U21-1-2
060-WRKI-U21-1-1,060-BURN-U21-1-3
060-WRKI-U21-1-1,060-BURN-U21-1-1
060-WRKI-U21-1-1,060-PPNI-U21-1-3
060-WRKI-U21-1-1,060-BSDL-U21-1-2
060-WRKI-U21-1-1,060-BSDL-U21-1-3
060-WRKI-U21-1-1,060-NCTW-U21-1-3
060-BRNT-U21-1-3,060-BRMF-U21-1-1
060-BRNT-U21-1-3,060-RUSE-U21-1-1
060-BRNT-U21-1-3,060-YALD-U21-1-3
060-BRNT-U21-1-3,060-CUNI-U21-1-3
060-BRNT-U21-1-3,060-CUNI-U21-1-1
060-BRNT-U21-1-3,060-WAIM-U21-1-3
060-BRNT-U21-1-3,060-WAIM-U21-1-1
060-BRNT-U21-1-3,060-HYDE-U21-1-3
060-BRNT-U21-1-3,060-HYDE-U21-1-1
060-BRNT-U21-1-3,060-ATOW-U21-1-3
060-BRNT-U21-1-3,060-ATOW-U21-1-2
060-BRNT-U21-1-3,060-ATOW-U21-1-1
060-BRNT-U21-1-3,060-ELMW-U21-1-3
060-BRNT-U21-1-3,060-CAIR-U21-1-3
060-BRNT-U21-1-3,060-CAIR-U21-1-2
060-BRNT-U21-1-3,060-CASE-U21-1-2
060-BRNT-U21-1-3,060-WRKI-U21-1-3
060-BRNT-U21-1-3,060-WRKI-U21-1-2
060-BRNT-U21-1-3,060-WRKI-U21-1-1
060-BRNT-U21-1-3,060-BRNT-U21-1-2
060-BRNT-U21-1-3,060-BRNT-U21-1-1
060-BRNT-U21-1-3,060-HARE-U21-1-2
060-BRNT-U21-1-3,060-BURN-U21-1-3
060-BRNT-U21-1-3,060-BURN-U21-1-2
060-BRNT-U21-1-3,060-BURN-U21-1-1
060-BRNT-U21-1-3,060-PPNI-U21-1-3
060-BRNT-U21-1-3,060-BRYN-U21-1-1
060-BRNT-U21-1-3,060-BRYN-U21-1-3
060-BRNT-U21-1-3,060-BSDL-U21-1-2
060-BRNT-U21-1-3,060-BSDL-U21-1-3
060-BRNT-U21-1-3,060-NCTW-U21-1-3
060-BRNT-U21-1-2,060-NCTE-U21-1-3
060-BRNT-U21-1-2,060-RCTN-U21-1-3
060-BRNT-U21-1-2,060-RCTN-U21-1-1
060-BRNT-U21-1-2,060-RUSE-U21-1-1
060-BRNT-U21-1-2,060-STHX-U21-1-3
060-BRNT-U21-1-2,060-MRVL-U21-1-3
060-BRNT-U21-1-2,060-CUNI-U21-1-3
060-BRNT-U21-1-2,060-CUNI-U21-1-2
060-BRNT-U21-1-2,060-CUNI-U21-1-1
060-BRNT-U21-1-2,060-WAIM-U21-1-1
060-BRNT-U21-1-2,060-HYDE-U21-1-1
060-BRNT-U21-1-2,060-ELMW-U21-1-3
060-BRNT-U21-1-2,060-ELMW-U21-1-2
060-BRNT-U21-1-2,060-ELMW-U21-1-1
060-BRNT-U21-1-2,060-CASE-U21-1-2
060-BRNT-U21-1-2,060-BSHN-U21-1-1
060-BRNT-U21-1-2,060-WRKI-U21-1-2
060-BRNT-U21-1-2,060-BRNT-U21-1-3
060-BRNT-U21-1-2,060-BRNT-U21-1-1
060-BRNT-U21-1-2,060-CLTN-U21-1-3
060-BRNT-U21-1-2,060-HARE-U21-1-2
060-BRNT-U21-1-2,060-BURN-U21-1-1
060-BRNT-U21-1-2,060-PPNI-U21-1-2
060-BRNT-U21-1-2,060-PPNI-U21-1-3
060-BRNT-U21-1-2,060-BRYN-U21-1-1
060-BRNT-U21-1-2,060-BRYN-U21-1-2
060-BRNT-U21-1-2,060-BRYN-U21-1-3
060-BRNT-U21-1-2,060-BSDL-U21-1-1
060-BRNT-U21-1-2,060-BSDL-U21-1-2
060-BRNT-U21-1-2,060-NCTW-U21-1-2
060-BRNT-U21-1-2,060-FEND-U21-1-1
060-BRNT-U21-1-2,060-FEND-U21-1-2
060-BRNT-U21-1-2,060-FEND-U21-1-3
060-BRNT-U21-1-2,060-RIWH-U21-1-1
060-BRNT-U21-1-1,060-NCTE-U21-1-3
060-BRNT-U21-1-1,060-NCTE-U21-1-1
060-BRNT-U21-1-1,060-CUNI-U21-1-3
060-BRNT-U21-1-1,060-CUNI-U21-1-1
060-BRNT-U21-1-1,060-HYDE-U21-1-1
060-BRNT-U21-1-1,060-ELMW-U21-1-3
060-BRNT-U21-1-1,060-CAIR-U21-1-2
060-BRNT-U21-1-1,060-CAIR-U21-1-1
060-BRNT-U21-1-1,060-CASE-U21-1-3
060-BRNT-U21-1-1,060-CASE-U21-1-2
060-BRNT-U21-1-1,060-CASE-U21-1-1
060-BRNT-U21-1-1,060-CRNF-U21-1-3
060-BRNT-U21-1-1,060-STYX-U21-1-3
060-BRNT-U21-1-1,060-STYX-U21-1-2
060-BRNT-U21-1-1,060-WRKI-U21-1-2
060-BRNT-U21-1-1,060-WRKI-U21-1-1
060-BRNT-U21-1-1,060-BRNT-U21-1-3
060-BRNT-U21-1-1,060-BRNT-U21-1-2
060-BRNT-U21-1-1,060-HARE-U21-1-2
060-BRNT-U21-1-1,060-BURN-U21-1-3
060-BRNT-U21-1-1,060-BURN-U21-1-1
060-BRNT-U21-1-1,060-PPNI-U21-1-1
060-BRNT-U21-1-1,060-PPNI-U21-1-3
060-BRNT-U21-1-1,060-BRYN-U21-1-1
060-BRNT-U21-1-1,060-BLFS-U21-1-1
060-BRNT-U21-1-1,060-BSDL-U21-1-1
060-BRNT-U21-1-1,060-BSDL-U21-1-2
060-BRNT-U21-1-1,060-BSDL-U21-1-3
060-BRNT-U21-1-1,060-NCTW-U21-1-1
060-BRNT-U21-1-1,060-NCTW-U21-1-2
060-BRNT-U21-1-1,060-NCTW-U21-1-3
060-CWTR-U21-1-3,060-NCTE-U21-1-1
060-CWTR-U21-1-3,060-GHOT-U21-1-1
060-CWTR-U21-1-3,060-GHOT-U21-1-2
060-CWTR-U21-1-3,060-ATOW-U21-1-1
060-CWTR-U21-1-3,060-CAIR-U21-1-1
060-CWTR-U21-1-3,060-CASE-U21-1-3
060-CWTR-U21-1-3,060-CASE-U21-1-1
060-CWTR-U21-1-3,060-MARS-U21-1-3
060-CWTR-U21-1-3,060-STYX-U21-1-3
060-CWTR-U21-1-3,060-STYX-U21-1-1
060-CWTR-U21-1-3,060-CWTR-U21-1-2
060-CWTR-U21-1-3,060-CWTR-U21-1-1
060-CWTR-U21-1-3,060-HARE-U21-1-3
060-CWTR-U21-1-3,060-HARE-U21-1-2
060-CWTR-U21-1-3,060-HARE-U21-1-1
060-CWTR-U21-1-3,060-BRND-U21-1-2
060-CWTR-U21-1-3,060-PPNI-U21-1-1
060-CWTR-U21-1-3,060-BLFS-U21-1-3
060-CWTR-U21-1-3,060-BSDL-U21-1-3
060-CWTR-U21-1-3,060-NCTW-U21-1-1
060-CWTR-U21-1-3,059-OHOK-U21-1-2
060-CWTR-U21-1-3,059-OHOK-U21-1-3
060-CWTR-U21-1-2,060-NCTE-U21-1-2
060-CWTR-U21-1-2,060-NCTE-U21-1-1
060-CWTR-U21-1-2,060-CSWY-U21-1-2
060-CWTR-U21-1-2,060-MTPT-U21-1-2
060-CWTR-U21-1-2,060-BRWD-U21-1-3
060-CWTR-U21-1-2,060-PRKL-U21-1-3
060-CWTR-U21-1-2,060-MRHU-U21-1-3
060-CWTR-U21-1-2,060-STSH-U21-1-2
060-CWTR-U21-1-2,060-BXLN-U21-1-3
060-CWTR-U21-1-2,060-LTTN-U21-1-1
060-CWTR-U21-1-2,060-CASE-U21-1-1
060-CWTR-U21-1-2,060-CRNF-U21-1-3
060-CWTR-U21-1-2,060-MARS-U21-1-3
060-CWTR-U21-1-2,060-MARS-U21-1-2
060-CWTR-U21-1-2,060-MARS-U21-1-1
060-CWTR-U21-1-2,060-STYX-U21-1-3
060-CWTR-U21-1-2,060-STYX-U21-1-2
060-CWTR-U21-1-2,060-STYX-U21-1-1
060-CWTR-U21-1-2,060-CWTR-U21-1-3
060-CWTR-U21-1-2,060-CWTR-U21-1-1
060-CWTR-U21-1-2,060-SPVL-U21-1-3
060-CWTR-U21-1-2,060-SPVL-U21-1-2
060-CWTR-U21-1-2,060-HARE-U21-1-1
060-CWTR-U21-1-2,060-BRND-U21-1-2
060-CWTR-U21-1-2,060-PPNI-U21-1-1
060-CWTR-U21-1-2,060-BLFS-U21-1-2
060-CWTR-U21-1-2,060-BLFS-U21-1-3
060-CWTR-U21-1-2,060-BSDL-U21-1-1
060-CWTR-U21-1-2,060-NCTW-U21-1-1
060-CWTR-U21-1-1,060-NCTE-U21-1-1
060-CWTR-U21-1-1,060-SLBR-U21-1-1
060-CWTR-U21-1-1,060-GHOT-U21-1-2
060-CWTR-U21-1-1,060-MARS-U21-1-3
060-CWTR-U21-1-1,060-STYX-U21-1-3
060-CWTR-U21-1-1,060-STYX-U21-1-1
060-CWTR-U21-1-1,060-CWTR-U21-1-3
060-CWTR-U21-1-1,060-CWTR-U21-1-2
060-CWTR-U21-1-1,060-HARE-U21-1-1
060-CWTR-U21-1-1,060-NBRT-U21-1-3
060-CWTR-U21-1-1,060-BRND-U21-1-1
060-CWTR-U21-1-1,060-BRND-U21-1-2
060-CWTR-U21-1-1,060-BRND-U21-1-3
060-CWTR-U21-1-1,060-BLFS-U21-1-1
060-CWTR-U21-1-1,060-BLFS-U21-1-2
060-CWTR-U21-1-1,060-BLFS-U21-1-3
060-CWTR-U21-1-1,060-NCTW-U21-1-1
060-CWTR-U21-1-1,059-OHOK-U21-1-2
060-CWTR-U21-1-1,059-KAIA-U21-1-2
060-HARE-U21-1-3,060-BRMF-U21-1-3
060-HARE-U21-1-3,060-YALD-U21-1-3
060-HARE-U21-1-3,060-YALD-U21-1-1
060-HARE-U21-1-3,060-CUNI-U21-1-3
060-HARE-U21-1-3,060-HYDE-U21-1-3
060-HARE-U21-1-3,060-ATOW-U21-1-3
060-HARE-U21-1-3,060-ATOW-U21-1-1
060-HARE-U21-1-3,060-CAIR-U21-1-3
060-HARE-U21-1-3,060-CAIR-U21-1-1
060-HARE-U21-1-3,060-CASE-U21-1-3
060-HARE-U21-1-3,060-STYX-U21-1-3
060-HARE-U21-1-3,060-WRKI-U21-1-3
060-HARE-U21-1-3,060-WRKI-U21-1-1
060-HARE-U21-1-3,060-CWTR-U21-1-3
060-HARE-U21-1-3,060-HARE-U21-1-2
060-HARE-U21-1-3,060-HARE-U21-1-1
060-HARE-U21-1-3,060-BURN-U21-1-3
060-HARE-U21-1-3,060-PPNI-U21-1-3
060-HARE-U21-1-3,060-BSDL-U21-1-3
060-HARE-U21-1-3,060-NCTW-U21-1-3
060-HARE-U21-1-3,059-OHOK-U21-1-3
060-HARE-U21-1-3,062-WMLC-U21-1-1
060-HARE-U21-1-2,060-NCTE-U21-1-3
060-HARE-U21-1-2,060-SMNR-U21-1-1
060-HARE-U21-1-2,060-CUNI-U21-1-1
060-HARE-U21-1-2,060-HYDE-U21-1-1
060-HARE-U21-1-2,060-ATOW-U21-1-1
060-HARE-U21-1-2,060-ELMW-U21-1-3
060-HARE-U21-1-2,060-ELMW-U21-1-2
060-HARE-U21-1-2,060-CAIR-U21-1-2
060-HARE-U21-1-2,060-CAIR-U21-1-1
060-HARE-U21-1-2,060-CASE-U21-1-3
060-HARE-U21-1-2,060-CASE-U21-1-2
060-HARE-U21-1-2,060-CASE-U21-1-1
060-HARE-U21-1-2,060-CRNF-U21-1-3
060-HARE-U21-1-2,060-STYX-U21-1-3
060-HARE-U21-1-2,060-STYX-U21-1-2
060-HARE-U21-1-2,060-WRKI-U21-1-2
060-HARE-U21-1-2,060-WRKI-U21-1-1
060-HARE-U21-1-2,060-BRNT-U21-1-3
060-HARE-U21-1-2,060-BRNT-U21-1-2
060-HARE-U21-1-2,060-BRNT-U21-1-1
060-HARE-U21-1-2,060-CWTR-U21-1-3
060-HARE-U21-1-2,060-HARE-U21-1-3
060-HARE-U21-1-2,060-HARE-U21-1-1
060-HARE-U21-1-2,060-BURN-U21-1-3
060-HARE-U21-1-2,060-BURN-U21-1-1
060-HARE-U21-1-2,060-PPNI-U21-1-1
060-HARE-U21-1-2,060-PPNI-U21-1-3
060-HARE-U21-1-2,060-BRYN-U21-1-2
060-HARE-U21-1-2,060-BSDL-U21-1-1
060-HARE-U21-1-2,060-BSDL-U21-1-2
060-HARE-U21-1-2,060-BSDL-U21-1-3
060-HARE-U21-1-2,060-NCTW-U21-1-1
060-HARE-U21-1-2,060-NCTW-U21-1-2
060-HARE-U21-1-2,060-NCTW-U21-1-3
060-HARE-U21-1-1,060-NCTE-U21-1-1
060-HARE-U21-1-1,060-BRWD-U21-1-3
060-HARE-U21-1-1,060-GHOT-U21-1-2
060-HARE-U21-1-1,060-PRKL-U21-1-3
060-HARE-U21-1-1,060-MRHU-U21-1-3
060-HARE-U21-1-1,060-ATOW-U21-1-1
060-HARE-U21-1-1,060-CAIR-U21-1-1
060-HARE-U21-1-1,060-CASE-U21-1-3
060-HARE-U21-1-1,060-CASE-U21-1-1
060-HARE-U21-1-1,060-MARS-U21-1-3
060-HARE-U21-1-1,060-MARS-U21-1-2
060-HARE-U21-1-1,060-MARS-U21-1-1
060-HARE-U21-1-1,060-STYX-U21-1-3
060-HARE-U21-1-1,060-STYX-U21-1-2
060-HARE-U21-1-1,060-STYX-U21-1-1
060-HARE-U21-1-1,060-CWTR-U21-1-3
060-HARE-U21-1-1,060-CWTR-U21-1-2
060-HARE-U21-1-1,060-CWTR-U21-1-1
060-HARE-U21-1-1,060-SPVL-U21-1-2
060-HARE-U21-1-1,060-SPVL-U21-1-1
060-HARE-U21-1-1,060-HARE-U21-1-3
060-HARE-U21-1-1,060-HARE-U21-1-2
060-HARE-U21-1-1,060-BRND-U21-1-1
060-HARE-U21-1-1,060-BRND-U21-1-2
060-HARE-U21-1-1,060-BRND-U21-1-3
060-HARE-U21-1-1,060-PPNI-U21-1-1
060-HARE-U21-1-1,060-BLFS-U21-1-1
060-HARE-U21-1-1,060-BLFS-U21-1-2
060-HARE-U21-1-1,060-BLFS-U21-1-3
060-HARE-U21-1-1,060-BSDL-U21-1-3
060-HARE-U21-1-1,060-NCTW-U21-1-1
060-HARE-U21-1-1,060-NCTW-U21-1-3
060-HARE-U21-1-1,059-OHOK-U21-1-2
060-HARE-U21-1-1,059-OHOK-U21-1-3
060-SHRL-U21-1-1,060-NCTE-U21-1-2
060-SHRL-U21-1-1,060-AVND-U21-1-3
060-SHRL-U21-1-1,060-DALL-U21-1-3
060-SHRL-U21-1-1,060-DALL-U21-1-2
060-SHRL-U21-1-1,060-DALL-U21-1-1
060-SHRL-U21-1-1,060-SLBR-U21-1-1
060-SHRL-U21-1-1,060-STHX-U21-1-1
060-SHRL-U21-1-1,060-ARAN-U21-1-3
060-SHRL-U21-1-1,060-MRHU-U21-1-2
060-SHRL-U21-1-1,060-MRHU-U21-1-1
060-SHRL-U21-1-1,060-MRVL-U21-1-1
060-SHRL-U21-1-1,060-QEII-U21-1-3
060-SHRL-U21-1-1,060-CRNF-U21-1-1
060-SHRL-U21-1-1,060-CLTN-U21-1-1
060-SHRL-U21-1-1,060-STAL-U21-1-1
060-SHRL-U21-1-1,060-WANN-U21-1-3
060-SHRL-U21-1-1,060-SHRL-U21-1-2
060-SHRL-U21-1-1,060-SHRL-U21-1-3
060-SHRL-U21-1-1,060-AVON-U21-1-1
060-SHRL-U21-1-1,060-CEXC-U21-1-1
060-SHRL-U21-1-2,060-DALL-U21-1-3
060-SHRL-U21-1-2,060-DALL-U21-1-2
060-SHRL-U21-1-2,060-AVWE-U21-1-3
060-SHRL-U21-1-2,060-AVWE-U21-1-2
060-SHRL-U21-1-2,060-AVWE-U21-1-1
060-SHRL-U21-1-2,060-SLBR-U21-1-2
060-SHRL-U21-1-2,060-SLBR-U21-1-1
060-SHRL-U21-1-2,060-STHX-U21-1-1
060-SHRL-U21-1-2,060-STHX-U21-1-2
060-SHRL-U21-1-2,060-GHOT-U21-1-1
060-SHRL-U21-1-2,060-MRHU-U21-1-2
060-SHRL-U21-1-2,060-ESTG-U21-1-3
060-SHRL-U21-1-2,060-MRVL-U21-1-1
060-SHRL-U21-1-2,060-LTTN-U21-1-1
060-SHRL-U21-1-2,060-CLTN-U21-1-1
060-SHRL-U21-1-2,060-RCMD-U21-1-3
060-SHRL-U21-1-2,060-STAL-U21-1-2
060-SHRL-U21-1-2,060-STAL-U21-1-1
060-SHRL-U21-1-2,060-SHRL-U21-1-1
060-SHRL-U21-1-2,060-SHRL-U21-1-3
060-SHRL-U21-1-2,060-PPNI-U21-1-2
060-SHRL-U21-1-2,060-AVON-U21-1-1
060-SHRL-U21-1-2,060-AVON-U21-1-2
060-SHRL-U21-1-2,060-AVON-U21-1-3
060-SHRL-U21-1-2,060-CEXC-U21-1-1
060-SHRL-U21-1-3,060-NCTE-U21-1-2
060-SHRL-U21-1-3,060-DALL-U21-1-3
060-SHRL-U21-1-3,060-SLBR-U21-1-1
060-SHRL-U21-1-3,060-STHX-U21-1-1
060-SHRL-U21-1-3,060-MRHU-U21-1-3
060-SHRL-U21-1-3,060-MRHU-U21-1-2
060-SHRL-U21-1-3,060-MRVL-U21-1-1
060-SHRL-U21-1-3,060-CRNF-U21-1-2
060-SHRL-U21-1-3,060-CRNF-U21-1-1
060-SHRL-U21-1-3,060-CLTN-U21-1-1
060-SHRL-U21-1-3,060-STAL-U21-1-3
060-SHRL-U21-1-3,060-STAL-U21-1-2
060-SHRL-U21-1-3,060-STAL-U21-1-1
060-SHRL-U21-1-3,060-WANN-U21-1-3
060-SHRL-U21-1-3,060-SHRL-U21-1-1
060-SHRL-U21-1-3,060-SHRL-U21-1-2
060-SHRL-U21-1-3,060-PPNI-U21-1-2
060-SHRL-U21-1-3,060-AVON-U21-1-3
060-BSDL-U21-1-1,060-NCTE-U21-1-3
060-BSDL-U21-1-1,060-NCTE-U21-1-2
060-BSDL-U21-1-1,060-NCTE-U21-1-1
060-BSDL-U21-1-1,060-MRHU-U21-1-3
060-BSDL-U21-1-1,060-MRHU-U21-1-2
060-BSDL-U21-1-1,060-MRHU-U21-1-1
060-BSDL-U21-1-1,060-CUNI-U21-1-1
060-BSDL-U21-1-1,060-ELMW-U21-1-3
060-BSDL-U21-1-1,060-ELMW-U21-1-1
060-BSDL-U21-1-1,060-CASE-U21-1-2
060-BSDL-U21-1-1,060-CASE-U21-1-1
060-BSDL-U21-1-1,060-CRNF-U21-1-3
060-BSDL-U21-1-1,060-CRNF-U21-1-1
060-BSDL-U21-1-1,060-STYX-U21-1-2
060-BSDL-U21-1-1,060-STYX-U21-1-1
060-BSDL-U21-1-1,060-WRKI-U21-1-2
060-BSDL-U21-1-1,060-BRNT-U21-1-2
060-BSDL-U21-1-1,060-BRNT-U21-1-1
060-BSDL-U21-1-1,060-CWTR-U21-1-2
060-BSDL-U21-1-1,060-HARE-U21-1-2
060-BSDL-U21-1-1,060-STAL-U21-1-3
060-BSDL-U21-1-1,060-PPNI-U21-1-1
060-BSDL-U21-1-1,060-PPNI-U21-1-2
060-BSDL-U21-1-1,060-PPNI-U21-1-3
060-BSDL-U21-1-1,060-BSDL-U21-1-2
060-BSDL-U21-1-1,060-BSDL-U21-1-3
060-BSDL-U21-1-1,060-NCTW-U21-1-1
060-BSDL-U21-1-1,060-NCTW-U21-1-2
060-BSDL-U21-1-1,060-NCTW-U21-1-3
060-BSDL-U21-1-2,060-BRMF-U21-1-1
060-BSDL-U21-1-2,060-RUSE-U21-1-1
060-BSDL-U21-1-2,060-CUNI-U21-1-3
060-BSDL-U21-1-2,060-WAIM-U21-1-3
060-BSDL-U21-1-2,060-WAIM-U21-1-1
060-BSDL-U21-1-2,060-HYDE-U21-1-3
060-BSDL-U21-1-2,060-HYDE-U21-1-1
060-BSDL-U21-1-2,060-ATOW-U21-1-3
060-BSDL-U21-1-2,060-ATOW-U21-1-2
060-BSDL-U21-1-2,060-ELMW-U21-1-3
060-BSDL-U21-1-2,060-CAIR-U21-1-2
060-BSDL-U21-1-2,060-CASE-U21-1-2
060-BSDL-U21-1-2,060-WRKI-U21-1-3
060-BSDL-U21-1-2,060-WRKI-U21-1-2
060-BSDL-U21-1-2,060-WRKI-U21-1-1
060-BSDL-U21-1-2,060-BRNT-U21-1-3
060-BSDL-U21-1-2,060-BRNT-U21-1-2
060-BSDL-U21-1-2,060-BRNT-U21-1-1
060-BSDL-U21-1-2,060-HARE-U21-1-2
060-BSDL-U21-1-2,060-BURN-U21-1-3
060-BSDL-U21-1-2,060-BURN-U21-1-2
060-BSDL-U21-1-2,060-BURN-U21-1-1
060-BSDL-U21-1-2,060-PPNI-U21-1-3
060-BSDL-U21-1-2,060-BRYN-U21-1-1
060-BSDL-U21-1-2,060-BRYN-U21-1-3
060-BSDL-U21-1-2,060-BSDL-U21-1-1
060-BSDL-U21-1-2,060-BSDL-U21-1-3
060-BSDL-U21-1-3,060-ATOW-U21-1-1
060-BSDL-U21-1-3,060-ELMW-U21-1-3
060-BSDL-U21-1-3,060-CAIR-U21-1-1
060-BSDL-U21-1-3,060-CASE-U21-1-3
060-BSDL-U21-1-3,060-CASE-U21-1-2
060-BSDL-U21-1-3,060-CASE-U21-1-1
060-BSDL-U21-1-3,060-STYX-U21-1-3
060-BSDL-U21-1-3,060-WRKI-U21-1-2
060-BSDL-U21-1-3,060-WRKI-U21-1-1
060-BSDL-U21-1-3,060-BRNT-U21-1-3
060-BSDL-U21-1-3,060-BRNT-U21-1-1
060-BSDL-U21-1-3,060-CWTR-U21-1-3
060-BSDL-U21-1-3,060-HARE-U21-1-3
060-BSDL-U21-1-3,060-HARE-U21-1-2
060-BSDL-U21-1-3,060-HARE-U21-1-1
060-BSDL-U21-1-3,060-BURN-U21-1-3
060-BSDL-U21-1-3,060-BURN-U21-1-1
060-BSDL-U21-1-3,060-PPNI-U21-1-3
060-BSDL-U21-1-3,060-BLFS-U21-1-3
060-BSDL-U21-1-3,060-BSDL-U21-1-1
060-BSDL-U21-1-3,060-BSDL-U21-1-2
060-BSDL-U21-1-3,060-NCTW-U21-1-3
060-NCTW-U21-1-1,060-NCTE-U21-1-3
060-NCTW-U21-1-1,060-NCTE-U21-1-1
060-NCTW-U21-1-1,060-BRWD-U21-1-3
060-NCTW-U21-1-1,060-STHX-U21-1-1
060-NCTW-U21-1-1,060-PRKL-U21-1-3
060-NCTW-U21-1-1,060-MRHU-U21-1-3
060-NCTW-U21-1-1,060-MRHU-U21-1-1
060-NCTW-U21-1-1,060-BXLN-U21-1-3
060-NCTW-U21-1-1,060-MRVL-U21-1-1
060-NCTW-U21-1-1,060-CUNI-U21-1-1
060-NCTW-U21-1-1,060-CASE-U21-1-2
060-NCTW-U21-1-1,060-CASE-U21-1-1
060-NCTW-U21-1-1,060-CRNF-U21-1-3
060-NCTW-U21-1-1,060-MARS-U21-1-3
060-NCTW-U21-1-1,060-MARS-U21-1-2
060-NCTW-U21-1-1,060-MARS-U21-1-1
060-NCTW-U21-1-1,060-STYX-U21-1-3
060-NCTW-U21-1-1,060-STYX-U21-1-2
060-NCTW-U21-1-1,060-STYX-U21-1-1
060-NCTW-U21-1-1,060-BRNT-U21-1-1
060-NCTW-U21-1-1,060-CWTR-U21-1-3
060-NCTW-U21-1-1,060-CWTR-U21-1-2
060-NCTW-U21-1-1,060-CWTR-U21-1-1
060-NCTW-U21-1-1,060-SPVL-U21-1-2
060-NCTW-U21-1-1,060-HARE-U21-1-2
060-NCTW-U21-1-1,060-HARE-U21-1-1
060-NCTW-U21-1-1,060-STAL-U21-1-3
060-NCTW-U21-1-1,060-BRND-U21-1-2
060-NCTW-U21-1-1,060-PPNI-U21-1-1
060-NCTW-U21-1-1,060-BLFS-U21-1-1
060-NCTW-U21-1-1,060-BLFS-U21-1-2
060-NCTW-U21-1-1,060-BLFS-U21-1-3
060-NCTW-U21-1-1,060-BSDL-U21-1-1
060-NCTW-U21-1-1,060-NCTW-U21-1-2
060-NCTW-U21-1-1,060-NCTW-U21-1-3
060-NCTW-U21-1-2,060-NCTE-U21-1-3
060-NCTW-U21-1-2,060-NCTE-U21-1-2
060-NCTW-U21-1-2,060-NCTE-U21-1-1
060-NCTW-U21-1-2,060-MRVL-U21-1-3
060-NCTW-U21-1-2,060-MRVL-U21-1-1
060-NCTW-U21-1-2,060-CUNI-U21-1-1
060-NCTW-U21-1-2,060-ELMW-U21-1-1
060-NCTW-U21-1-2,060-BXLY-U21-1-2
060-NCTW-U21-1-2,060-CASE-U21-1-2
060-NCTW-U21-1-2,060-CASE-U21-1-1
060-NCTW-U21-1-2,060-CRNF-U21-1-3
060-NCTW-U21-1-2,060-CRNF-U21-1-2
060-NCTW-U21-1-2,060-STYX-U21-1-2
060-NCTW-U21-1-2,060-BRNT-U21-1-2
060-NCTW-U21-1-2,060-BRNT-U21-1-1
060-NCTW-U21-1-2,060-HARE-U21-1-2
060-NCTW-U21-1-2,060-STAL-U21-1-3
060-NCTW-U21-1-2,060-PPNI-U21-1-1
060-NCTW-U21-1-2,060-PPNI-U21-1-2
060-NCTW-U21-1-2,060-PPNI-U21-1-3
060-NCTW-U21-1-2,060-BSDL-U21-1-1
060-NCTW-U21-1-2,060-NCTW-U21-1-1
060-NCTW-U21-1-2,060-NCTW-U21-1-3
060-NCTW-U21-1-3,060-NCTE-U21-1-3
060-NCTW-U21-1-3,060-RUSE-U21-1-1
060-NCTW-U21-1-3,060-CUNI-U21-1-1
060-NCTW-U21-1-3,060-HYDE-U21-1-1
060-NCTW-U21-1-3,060-ATOW-U21-1-1
060-NCTW-U21-1-3,060-ELMW-U21-1-3
060-NCTW-U21-1-3,060-CAIR-U21-1-3
060-NCTW-U21-1-3,060-CAIR-U21-1-1
060-NCTW-U21-1-3,060-CASE-U21-1-3
060-NCTW-U21-1-3,060-CASE-U21-1-2
060-NCTW-U21-1-3,060-CASE-U21-1-1
060-NCTW-U21-1-3,060-CRNF-U21-1-3
060-NCTW-U21-1-3,060-STYX-U21-1-3
060-NCTW-U21-1-3,060-STYX-U21-1-2
060-NCTW-U21-1-3,060-WRKI-U21-1-2
060-NCTW-U21-1-3,060-WRKI-U21-1-1
060-NCTW-U21-1-3,060-BRNT-U21-1-3
060-NCTW-U21-1-3,060-BRNT-U21-1-1
060-NCTW-U21-1-3,060-HARE-U21-1-3
060-NCTW-U21-1-3,060-HARE-U21-1-2
060-NCTW-U21-1-3,060-HARE-U21-1-1
060-NCTW-U21-1-3,060-BURN-U21-1-3
060-NCTW-U21-1-3,060-BURN-U21-1-1
060-NCTW-U21-1-3,060-PPNI-U21-1-1
060-NCTW-U21-1-3,060-PPNI-U21-1-3
060-NCTW-U21-1-3,060-BSDL-U21-1-1
060-NCTW-U21-1-3,060-BSDL-U21-1-3
060-NCTW-U21-1-3,060-NCTW-U21-1-1
060-NCTW-U21-1-3,060-NCTW-U21-1-2
060-TMPL-U21-1-2,062-PREB-U21-1-1
060-WSLK-U21-1-2,062-PREB-U21-1-1
060-YALD-U21-1-2,062-PREB-U21-1-1
060-TMPL-U21-1-1,062-PREB-U21-1-1
060-OAKL-U21-1-2,062-PREB-U21-1-1
060-OAKL-U21-1-3,062-PREB-U21-1-1
060-SPRK-U21-1-2,062-PREB-U21-1-1
060-HRNS-U21-1-2,062-PREB-U21-1-1
060-WSLK-U21-1-3,062-PREB-U21-1-1
060-HLWL-U21-1-2,062-PREB-U21-1-1
060-HNBY-U21-1-2,062-PREB-U21-1-1
060-HRNS-U21-1-1,062-PREB-U21-1-1
060-WSLK-U21-1-1,062-PREB-U21-1-1
060-SPRK-U21-1-1,062-PREB-U21-1-1
062-ROLL-U21-1-3,062-PREB-U21-1-1
062-PREB-U21-1-2,062-PREB-U21-1-1
062-PREB-U21-1-3,062-PREB-U21-1-1
062-LEES-U21-1-3,062-PREB-U21-1-1
060-ISTN-U21-1-2,062-PREB-U21-1-2
060-TMPL-U21-1-2,062-PREB-U21-1-2
060-WSLK-U21-1-2,062-PREB-U21-1-2
060-OAKL-U21-1-2,062-PREB-U21-1-2
060-OAKL-U21-1-3,062-PREB-U21-1-2
060-SPRK-U21-1-2,062-PREB-U21-1-2
060-HRNS-U21-1-2,062-PREB-U21-1-2
060-HLWL-U21-1-2,062-PREB-U21-1-2
060-HNBY-U21-1-2,062-PREB-U21-1-2
062-ROLL-U21-1-2,062-PREB-U21-1-2
062-ROLL-U21-1-1,062-PREB-U21-1-2
062-PREB-U21-1-1,062-PREB-U21-1-2
062-PREB-U21-1-3,062-PREB-U21-1-2
062-LEES-U21-1-1,062-PREB-U21-1-2
062-LEES-U21-1-3,062-PREB-U21-1-2
062-LNUN-U21-1-3,062-PREB-U21-1-2
062-LNUN-U21-1-1,062-PREB-U21-1-2
060-TMPL-U21-1-3,062-PREB-U21-1-3
060-ISTN-U21-1-2,062-PREB-U21-1-3
060-TMPL-U21-1-2,062-PREB-U21-1-3
060-WSLK-U21-1-2,062-PREB-U21-1-3
060-TMPL-U21-1-1,062-PREB-U21-1-3
060-OAKL-U21-1-3,062-PREB-U21-1-3
060-HRNS-U21-1-2,062-PREB-U21-1-3
060-HRNS-U21-1-3,062-PREB-U21-1-3
060-HNBY-U21-1-2,062-PREB-U21-1-3
062-ROLL-U21-1-2,062-PREB-U21-1-3
062-ROLL-U21-1-1,062-PREB-U21-1-3
062-PREB-U21-1-1,062-PREB-U21-1-3
062-PREB-U21-1-2,062-PREB-U21-1-3
062-WMLC-U21-1-2,062-PREB-U21-1-3
062-ROLL-U21-1-3,062-BRNM-U21-1-3
062-ROLL-U21-1-2,062-BRNM-U21-1-3
062-ROLL-U21-1-1,062-BRNM-U21-1-3
062-LEES-U21-1-1,062-BRNM-U21-1-3
062-LEES-U21-1-3,062-BRNM-U21-1-3
062-WMLC-U21-1-3,062-BRNM-U21-1-3
060-BROM-U21-1-3,060-BRMS-U21-1-3
060-BROM-U21-1-2,060-BRMS-U21-1-3
060-CSWY-U21-1-3,060-BRMS-U21-1-3
060-MTPT-U21-1-3,060-BRMS-U21-1-3
060-MTPT-U21-1-1,060-BRMS-U21-1-3
060-BRMS-U21-1-2,060-BRMS-U21-1-3
060-BRMS-U21-1-1,060-BRMS-U21-1-3
060-CHAR-U21-1-1,060-BRMS-U21-1-3
060-WOOL-U21-1-3,060-BRMS-U21-1-3
060-WOOL-U21-1-1,060-BRMS-U21-1-3
060-FRMD-U21-1-3,060-BRMS-U21-1-3
060-ESTG-U21-1-2,060-BRMS-U21-1-3
060-ESTG-U21-1-1,060-BRMS-U21-1-3
060-BXLY-U21-1-3,060-BRMS-U21-1-3
060-WALT-U21-1-1,060-BRMS-U21-1-3
060-RCMD-U21-1-2,060-BRMS-U21-1-3
060-RCMD-U21-1-1,060-BRMS-U21-1-3
060-NBRT-U21-1-2,060-BRMS-U21-1-3
060-WANN-U21-1-2,060-BRMS-U21-1-3
060-DALL-U21-1-2,060-BRMS-U21-1-2
060-BROM-U21-1-2,060-BRMS-U21-1-2
060-CSWY-U21-1-3,060-BRMS-U21-1-2
060-CSWY-U21-1-2,060-BRMS-U21-1-2
060-CSWY-U21-1-1,060-BRMS-U21-1-2
060-SMNR-U21-1-3,060-BRMS-U21-1-2
060-SMNR-U21-1-1,060-BRMS-U21-1-2
060-MTPT-U21-1-3,060-BRMS-U21-1-2
060-MTPT-U21-1-2,060-BRMS-U21-1-2
060-MTPT-U21-1-1,060-BRMS-U21-1-2
060-BRMS-U21-1-3,060-BRMS-U21-1-2
060-BRMS-U21-1-1,060-BRMS-U21-1-2
060-CHAR-U21-1-1,060-BRMS-U21-1-2
060-BRWD-U21-1-2,060-BRMS-U21-1-2
060-WOOL-U21-1-2,060-BRMS-U21-1-2
060-WOOL-U21-1-1,060-BRMS-U21-1-2
060-FRMD-U21-1-3,060-BRMS-U21-1-2
060-FRMD-U21-1-2,060-BRMS-U21-1-2
060-FRMD-U21-1-1,060-BRMS-U21-1-2
060-STHX-U21-1-2,060-BRMS-U21-1-2
060-ARAN-U21-1-2,060-BRMS-U21-1-2
060-TUNN-U21-1-1,060-BRMS-U21-1-2
060-TUNN-U21-1-2,060-BRMS-U21-1-2
060-HEAT-U21-1-3,060-BRMS-U21-1-2
060-HEAT-U21-1-2,060-BRMS-U21-1-2
060-HEAT-U21-1-1,060-BRMS-U21-1-2
060-HLBR-U21-1-2,060-BRMS-U21-1-2
060-HLBR-U21-1-1,060-BRMS-U21-1-2
060-STSH-U21-1-2,060-BRMS-U21-1-2
060-BXLN-U21-1-2,060-BRMS-U21-1-2
060-NTBH-U21-1-2,060-BRMS-U21-1-2
060-QEII-U21-1-2,060-BRMS-U21-1-2
060-BXLY-U21-1-3,060-BRMS-U21-1-2
060-BXLY-U21-1-2,060-BRMS-U21-1-2
060-LTTN-U21-1-3,060-BRMS-U21-1-2
060-DHBR-U21-1-1,060-BRMS-U21-1-2
060-SPVL-U21-1-3,060-BRMS-U21-1-2
060-BROM-U21-1-3,060-BRMS-U21-1-1
060-BROM-U21-1-2,060-BRMS-U21-1-1
060-BROM-U21-1-1,060-BRMS-U21-1-1
060-CSWY-U21-1-3,060-BRMS-U21-1-1
060-CSWY-U21-1-1,060-BRMS-U21-1-1
060-MTPT-U21-1-1,060-BRMS-U21-1-1
060-BRMS-U21-1-3,060-BRMS-U21-1-1
060-BRMS-U21-1-2,060-BRMS-U21-1-1
060-WOOL-U21-1-1,060-BRMS-U21-1-1
060-FRMD-U21-1-3,060-BRMS-U21-1-1
060-FRMD-U21-1-1,060-BRMS-U21-1-1
060-ARAN-U21-1-1,060-BRMS-U21-1-1
060-ARAN-U21-1-2,060-BRMS-U21-1-1
060-ARAN-U21-1-3,060-BRMS-U21-1-1
060-TUNN-U21-1-1,060-BRMS-U21-1-1
060-HEAT-U21-1-1,060-BRMS-U21-1-1
060-STSH-U21-1-1,060-BRMS-U21-1-1
060-BXLN-U21-1-2,060-BRMS-U21-1-1
060-BXLN-U21-1-1,060-BRMS-U21-1-1
060-BXLY-U21-1-3,060-BRMS-U21-1-1
060-BXLY-U21-1-2,060-BRMS-U21-1-1
060-BXLY-U21-1-1,060-BRMS-U21-1-1
060-NBRT-U21-1-3,060-BRMS-U21-1-1
060-NBRT-U21-1-2,060-BRMS-U21-1-1
060-NBRT-U21-1-1,060-BRMS-U21-1-1
060-WANN-U21-1-1,060-BRMS-U21-1-1
060-WANN-U21-1-2,060-BRMS-U21-1-1
060-NCTE-U21-1-3,060-MRHU-U21-1-3
060-NCTE-U21-1-2,060-MRHU-U21-1-3
060-NCTE-U21-1-1,060-MRHU-U21-1-3
060-DALL-U21-1-3,060-MRHU-U21-1-3
060-SLBR-U21-1-1,060-MRHU-U21-1-3
060-BRWD-U21-1-3,060-MRHU-U21-1-3
060-STHX-U21-1-1,060-MRHU-U21-1-3
060-MRHU-U21-1-2,060-MRHU-U21-1-3
060-MRHU-U21-1-1,060-MRHU-U21-1-3
060-MRVL-U21-1-1,060-MRHU-U21-1-3
060-CUNI-U21-1-1,060-MRHU-U21-1-3
060-CASE-U21-1-1,060-MRHU-U21-1-3
060-CRNF-U21-1-3,060-MRHU-U21-1-3
060-CRNF-U21-1-1,060-MRHU-U21-1-3
060-STYX-U21-1-2,060-MRHU-U21-1-3
060-STYX-U21-1-1,060-MRHU-U21-1-3
060-CWTR-U21-1-2,060-MRHU-U21-1-3
060-HARE-U21-1-1,060-MRHU-U21-1-3
060-STAL-U21-1-3,060-MRHU-U21-1-3
060-SHRL-U21-1-3,060-MRHU-U21-1-3
060-PPNI-U21-1-1,060-MRHU-U21-1-3
060-BLFS-U21-1-2,060-MRHU-U21-1-3
060-BSDL-U21-1-1,060-MRHU-U21-1-3
060-NCTW-U21-1-1,060-MRHU-U21-1-3
060-NCTE-U21-1-2,060-MRHU-U21-1-2
060-AVND-U21-1-3,060-MRHU-U21-1-2
060-DALL-U21-1-3,060-MRHU-U21-1-2
060-DALL-U21-1-2,060-MRHU-U21-1-2
060-DALL-U21-1-1,060-MRHU-U21-1-2
060-SLBR-U21-1-1,060-MRHU-U21-1-2
060-STHX-U21-1-1,060-MRHU-U21-1-2
060-HEAT-U21-1-2,060-MRHU-U21-1-2
060-MRHU-U21-1-3,060-MRHU-U21-1-2
060-MRHU-U21-1-1,060-MRHU-U21-1-2
060-MRVL-U21-1-1,060-MRHU-U21-1-2
060-QEII-U21-1-3,060-MRHU-U21-1-2
060-HGLY-U21-1-3,060-MRHU-U21-1-2
060-LTTN-U21-1-1,060-MRHU-U21-1-2
060-CRNF-U21-1-2,060-MRHU-U21-1-2
060-CRNF-U21-1-1,060-MRHU-U21-1-2
060-DHBR-U21-1-1,060-MRHU-U21-1-2
060-DHBR-U21-1-3,060-MRHU-U21-1-2
060-CLTN-U21-1-1,060-MRHU-U21-1-2
060-SPVL-U21-1-3,060-MRHU-U21-1-2
060-STAL-U21-1-3,060-MRHU-U21-1-2
060-STAL-U21-1-1,060-MRHU-U21-1-2
060-WANN-U21-1-2,060-MRHU-U21-1-2
060-WANN-U21-1-3,060-MRHU-U21-1-2
060-SHRL-U21-1-1,060-MRHU-U21-1-2
060-SHRL-U21-1-2,060-MRHU-U21-1-2
060-SHRL-U21-1-3,060-MRHU-U21-1-2
060-BSDL-U21-1-1,060-MRHU-U21-1-2
060-AVON-U21-1-1,060-MRHU-U21-1-2
060-AVON-U21-1-3,060-MRHU-U21-1-2
060-NCTE-U21-1-2,060-MRHU-U21-1-1
060-AVND-U21-1-3,060-MRHU-U21-1-1
060-DALL-U21-1-3,060-MRHU-U21-1-1
060-DALL-U21-1-1,060-MRHU-U21-1-1
060-SLBR-U21-1-1,060-MRHU-U21-1-1
060-BRWD-U21-1-3,060-MRHU-U21-1-1
060-BRWD-U21-1-2,060-MRHU-U21-1-1
060-BRWD-U21-1-1,060-MRHU-U21-1-1
060-STHX-U21-1-1,060-MRHU-U21-1-1
060-ARAN-U21-1-3,060-MRHU-U21-1-1
060-PRKL-U21-1-3,060-MRHU-U21-1-1
060-PRKL-U21-1-2,060-MRHU-U21-1-1
060-MRHU-U21-1-3,060-MRHU-U21-1-1
060-MRHU-U21-1-2,060-MRHU-U21-1-1
060-BXLN-U21-1-3,060-MRHU-U21-1-1
060-MRVL-U21-1-1,060-MRHU-U21-1-1
060-CUNI-U21-1-1,060-MRHU-U21-1-1
060-NTBH-U21-1-3,060-MRHU-U21-1-1
060-QEII-U21-1-3,060-MRHU-U21-1-1
060-CASE-U21-1-1,060-MRHU-U21-1-1
060-CRNF-U21-1-1,060-MRHU-U21-1-1
060-MARS-U21-1-2,060-MRHU-U21-1-1
060-STYX-U21-1-1,060-MRHU-U21-1-1
060-CLTN-U21-1-1,060-MRHU-U21-1-1
060-STAL-U21-1-1,060-MRHU-U21-1-1
060-WANN-U21-1-1,060-MRHU-U21-1-1
060-WANN-U21-1-3,060-MRHU-U21-1-1
060-SHRL-U21-1-1,060-MRHU-U21-1-1
060-BSDL-U21-1-1,060-MRHU-U21-1-1
060-NCTW-U21-1-1,060-MRHU-U21-1-1
060-DALL-U21-1-2,060-ESTG-U21-1-3
060-BROM-U21-1-3,060-ESTG-U21-1-3
060-AVWE-U21-1-3,060-ESTG-U21-1-3
060-AVWE-U21-1-2,060-ESTG-U21-1-3
060-AVWE-U21-1-1,060-ESTG-U21-1-3
060-RCTN-U21-1-3,060-ESTG-U21-1-3
060-RCTN-U21-1-2,060-ESTG-U21-1-3
060-RCTN-U21-1-1,060-ESTG-U21-1-3
060-FITZ-U21-1-3,060-ESTG-U21-1-3
060-FITZ-U21-1-2,060-ESTG-U21-1-3
060-FITZ-U21-1-1,060-ESTG-U21-1-3
060-CHAR-U21-1-3,060-ESTG-U21-1-3
060-SLBR-U21-1-2,060-ESTG-U21-1-3
060-WOOL-U21-1-3,060-ESTG-U21-1-3
060-HNBY-U21-1-2,060-ESTG-U21-1-3
060-ESTG-U21-1-2,060-ESTG-U21-1-3
060-ESTG-U21-1-1,060-ESTG-U21-1-3
060-SYDN-U21-1-1,060-ESTG-U21-1-3
060-MOOR-U21-1-1,060-ESTG-U21-1-3
060-RCMD-U21-1-3,060-ESTG-U21-1-3
060-RCMD-U21-1-2,060-ESTG-U21-1-3
060-RCMD-U21-1-1,060-ESTG-U21-1-3
060-SYDM-U21-1-1,060-ESTG-U21-1-3
060-STAL-U21-1-1,060-ESTG-U21-1-3
060-TWRJ-U21-1-3,060-ESTG-U21-1-3
060-TWRJ-U21-1-2,060-ESTG-U21-1-3
060-TWRJ-U21-1-1,060-ESTG-U21-1-3
060-WANN-U21-1-3,060-ESTG-U21-1-3
060-SHRL-U21-1-2,060-ESTG-U21-1-3
060-PPNI-U21-1-1,060-ESTG-U21-1-3
060-CSTH-U21-1-1,060-ESTG-U21-1-3
060-AVON-U21-1-1,060-ESTG-U21-1-3
060-AVON-U21-1-2,060-ESTG-U21-1-3
060-AVON-U21-1-3,060-ESTG-U21-1-3
060-CONE-U21-1-2,060-ESTG-U21-1-3
060-CEXC-U21-1-2,060-ESTG-U21-1-3
060-DALL-U21-1-2,060-ESTG-U21-1-2
060-BROM-U21-1-3,060-ESTG-U21-1-2
060-BROM-U21-1-2,060-ESTG-U21-1-2
060-RCTN-U21-1-3,060-ESTG-U21-1-2
060-RCTN-U21-1-2,060-ESTG-U21-1-2
060-RCTN-U21-1-1,060-ESTG-U21-1-2
060-SMNR-U21-1-3,060-ESTG-U21-1-2
060-SMNR-U21-1-2,060-ESTG-U21-1-2
060-FITZ-U21-1-3,060-ESTG-U21-1-2
060-FITZ-U21-1-2,060-ESTG-U21-1-2
060-FITZ-U21-1-1,060-ESTG-U21-1-2
060-MTPT-U21-1-3,060-ESTG-U21-1-2
060-BRMS-U21-1-3,060-ESTG-U21-1-2
060-CHAR-U21-1-3,060-ESTG-U21-1-2
060-CHAR-U21-1-2,060-ESTG-U21-1-2
060-CHAR-U21-1-1,060-ESTG-U21-1-2
060-WOOL-U21-1-3,060-ESTG-U21-1-2
060-WOOL-U21-1-2,060-ESTG-U21-1-2
060-WOOL-U21-1-1,060-ESTG-U21-1-2
060-FRMD-U21-1-3,060-ESTG-U21-1-2
060-HEAT-U21-1-2,060-ESTG-U21-1-2
060-HEAT-U21-1-1,060-ESTG-U21-1-2
060-HLBR-U21-1-3,060-ESTG-U21-1-2
060-HLBR-U21-1-2,060-ESTG-U21-1-2
060-HLBR-U21-1-1,060-ESTG-U21-1-2
060-HNBY-U21-1-2,060-ESTG-U21-1-2
060-ESTG-U21-1-3,060-ESTG-U21-1-2
060-ESTG-U21-1-1,060-ESTG-U21-1-2
060-SYDW-U21-1-1,060-ESTG-U21-1-2
060-SYDS-U21-1-1,060-ESTG-U21-1-2
060-MOOR-U21-1-2,060-ESTG-U21-1-2
060-MOOR-U21-1-1,060-ESTG-U21-1-2
060-WALT-U21-1-2,060-ESTG-U21-1-2
060-WALT-U21-1-1,060-ESTG-U21-1-2
060-STMT-U21-1-2,060-ESTG-U21-1-2
060-STMT-U21-1-1,060-ESTG-U21-1-2
060-RCMD-U21-1-2,060-ESTG-U21-1-2
060-SYDM-U21-1-1,060-ESTG-U21-1-2
060-SPVL-U21-1-2,060-ESTG-U21-1-2
060-TWRJ-U21-1-3,060-ESTG-U21-1-2
060-TWRJ-U21-1-2,060-ESTG-U21-1-2
060-TWRJ-U21-1-1,060-ESTG-U21-1-2
060-HNTB-U21-1-2,060-ESTG-U21-1-2
060-WANN-U21-1-2,060-ESTG-U21-1-2
060-CSTH-U21-1-1,060-ESTG-U21-1-2
060-AVON-U21-1-1,060-ESTG-U21-1-2
060-AVON-U21-1-2,060-ESTG-U21-1-2
060-AVON-U21-1-3,060-ESTG-U21-1-2
060-CONE-U21-1-2,060-ESTG-U21-1-2
060-DALL-U21-1-2,060-ESTG-U21-1-1
060-BROM-U21-1-3,060-ESTG-U21-1-1
060-BROM-U21-1-2,060-ESTG-U21-1-1
060-CSWY-U21-1-3,060-ESTG-U21-1-1
060-RCTN-U21-1-3,060-ESTG-U21-1-1
060-RCTN-U21-1-2,060-ESTG-U21-1-1
060-RCTN-U21-1-1,060-ESTG-U21-1-1
060-FITZ-U21-1-3,060-ESTG-U21-1-1
060-FITZ-U21-1-2,060-ESTG-U21-1-1
060-FITZ-U21-1-1,060-ESTG-U21-1-1
060-BRMS-U21-1-3,060-ESTG-U21-1-1
060-CHAR-U21-1-1,060-ESTG-U21-1-1
060-WOOL-U21-1-3,060-ESTG-U21-1-1
060-WOOL-U21-1-1,060-ESTG-U21-1-1
060-FRMD-U21-1-3,060-ESTG-U21-1-1
060-ARAN-U21-1-3,060-ESTG-U21-1-1
060-HEAT-U21-1-1,060-ESTG-U21-1-1
060-ESTG-U21-1-3,060-ESTG-U21-1-1
060-ESTG-U21-1-2,060-ESTG-U21-1-1
060-BXLY-U21-1-3,060-ESTG-U21-1-1
060-SYDW-U21-1-1,060-ESTG-U21-1-1
060-SYDS-U21-1-1,060-ESTG-U21-1-1
060-SYDN-U21-1-1,060-ESTG-U21-1-1
060-MOOR-U21-1-1,060-ESTG-U21-1-1
060-WALT-U21-1-1,060-ESTG-U21-1-1
060-RCMD-U21-1-3,060-ESTG-U21-1-1
060-RCMD-U21-1-2,060-ESTG-U21-1-1
060-RCMD-U21-1-1,060-ESTG-U21-1-1
060-TWRJ-U21-1-2,060-ESTG-U21-1-1
060-TWRJ-U21-1-1,060-ESTG-U21-1-1
060-WANN-U21-1-1,060-ESTG-U21-1-1
060-WANN-U21-1-2,060-ESTG-U21-1-1
060-WANN-U21-1-3,060-ESTG-U21-1-1
060-CSTH-U21-1-1,060-ESTG-U21-1-1
060-AVON-U21-1-1,060-ESTG-U21-1-1
060-AVON-U21-1-2,060-ESTG-U21-1-1
060-BRMF-U21-1-3,060-CAIR-U21-1-3
060-ISTN-U21-1-1,060-CAIR-U21-1-3
060-YALD-U21-1-3,060-CAIR-U21-1-3
060-YALD-U21-1-1,060-CAIR-U21-1-3
060-CUNI-U21-1-3,060-CAIR-U21-1-3
060-WAIM-U21-1-3,060-CAIR-U21-1-3
060-HYDE-U21-1-3,060-CAIR-U21-1-3
060-ATOW-U21-1-3,060-CAIR-U21-1-3
060-ATOW-U21-1-2,060-CAIR-U21-1-3
060-ATOW-U21-1-1,060-CAIR-U21-1-3
060-CAIR-U21-1-2,060-CAIR-U21-1-3
060-CAIR-U21-1-1,060-CAIR-U21-1-3
060-BSHN-U21-1-3,060-CAIR-U21-1-3
060-WRKI-U21-1-3,060-CAIR-U21-1-3
060-BRNT-U21-1-3,060-CAIR-U21-1-3
060-HARE-U21-1-3,060-CAIR-U21-1-3
060-BURN-U21-1-3,060-CAIR-U21-1-3
060-BURN-U21-1-2,060-CAIR-U21-1-3
060-PPNI-U21-1-3,060-CAIR-U21-1-3
060-NCTW-U21-1-3,060-CAIR-U21-1-3
062-WMLC-U21-1-1,060-CAIR-U21-1-3
062-WMLC-U21-1-2,060-CAIR-U21-1-3
060-BRMF-U21-1-3,060-CAIR-U21-1-2
060-RUSE-U21-1-1,060-CAIR-U21-1-2
060-CUNI-U21-1-3,060-CAIR-U21-1-2
060-WAIM-U21-1-3,060-CAIR-U21-1-2
060-HYDE-U21-1-3,060-CAIR-U21-1-2
060-HYDE-U21-1-2,060-CAIR-U21-1-2
060-HYDE-U21-1-1,060-CAIR-U21-1-2
060-ATOW-U21-1-3,060-CAIR-U21-1-2
060-ATOW-U21-1-2,060-CAIR-U21-1-2
060-ATOW-U21-1-1,060-CAIR-U21-1-2
060-CAIR-U21-1-3,060-CAIR-U21-1-2
060-CAIR-U21-1-1,060-CAIR-U21-1-2
060-LTTN-U21-1-2,060-CAIR-U21-1-2
060-WRKI-U21-1-3,060-CAIR-U21-1-2
060-WRKI-U21-1-2,060-CAIR-U21-1-2
060-WRKI-U21-1-1,060-CAIR-U21-1-2
060-BRNT-U21-1-3,060-CAIR-U21-1-2
060-BRNT-U21-1-1,060-CAIR-U21-1-2
060-HARE-U21-1-2,060-CAIR-U21-1-2
060-BURN-U21-1-3,060-CAIR-U21-1-2
060-BURN-U21-1-2,060-CAIR-U21-1-2
060-BURN-U21-1-1,060-CAIR-U21-1-2
060-PPNI-U21-1-3,060-CAIR-U21-1-2
060-BSDL-U21-1-2,060-CAIR-U21-1-2
060-NCTE-U21-1-3,060-CAIR-U21-1-1
060-RUSE-U21-1-1,060-CAIR-U21-1-1
060-CUNI-U21-1-3,060-CAIR-U21-1-1
060-HYDE-U21-1-3,060-CAIR-U21-1-1
060-HYDE-U21-1-1,060-CAIR-U21-1-1
060-ATOW-U21-1-2,060-CAIR-U21-1-1
060-ATOW-U21-1-1,060-CAIR-U21-1-1
060-ELMW-U21-1-3,060-CAIR-U21-1-1
060-CAIR-U21-1-3,060-CAIR-U21-1-1
060-CAIR-U21-1-2,060-CAIR-U21-1-1
060-CASE-U21-1-3,060-CAIR-U21-1-1
060-STYX-U21-1-3,060-CAIR-U21-1-1
060-WRKI-U21-1-3,060-CAIR-U21-1-1
060-WRKI-U21-1-1,060-CAIR-U21-1-1
060-BRNT-U21-1-1,060-CAIR-U21-1-1
060-CWTR-U21-1-3,060-CAIR-U21-1-1
060-HARE-U21-1-3,060-CAIR-U21-1-1
060-HARE-U21-1-2,060-CAIR-U21-1-1
060-HARE-U21-1-1,060-CAIR-U21-1-1
060-BURN-U21-1-3,060-CAIR-U21-1-1
060-PPNI-U21-1-3,060-CAIR-U21-1-1
060-BLFS-U21-1-3,060-CAIR-U21-1-1
060-BSDL-U21-1-3,060-CAIR-U21-1-1
060-NCTW-U21-1-3,060-CAIR-U21-1-1
060-ATOW-U21-1-1,060-CASE-U21-1-3
060-ELMW-U21-1-3,060-CASE-U21-1-3
060-CAIR-U21-1-1,060-CASE-U21-1-3
060-CASE-U21-1-2,060-CASE-U21-1-3
060-CASE-U21-1-1,060-CASE-U21-1-3
060-STYX-U21-1-3,060-CASE-U21-1-3
060-WRKI-U21-1-1,060-CASE-U21-1-3
060-BRNT-U21-1-1,060-CASE-U21-1-3
060-CWTR-U21-1-3,060-CASE-U21-1-3
060-HARE-U21-1-3,060-CASE-U21-1-3
060-HARE-U21-1-2,060-CASE-U21-1-3
060-HARE-U21-1-1,060-CASE-U21-1-3
060-BURN-U21-1-3,060-CASE-U21-1-3
060-PPNI-U21-1-1,060-CASE-U21-1-3
060-PPNI-U21-1-3,060-CASE-U21-1-3
060-BSDL-U21-1-3,060-CASE-U21-1-3
060-NCTW-U21-1-3,060-CASE-U21-1-3
059-OHOK-U21-1-3,060-CASE-U21-1-3
060-NCTE-U21-1-3,060-CASE-U21-1-2
060-WAIM-U21-1-1,060-CASE-U21-1-2
060-HYDE-U21-1-1,060-CASE-U21-1-2
060-ELMW-U21-1-3,060-CASE-U21-1-2
060-CASE-U21-1-3,060-CASE-U21-1-2
060-CASE-U21-1-1,060-CASE-U21-1-2
060-CRNF-U21-1-3,060-CASE-U21-1-2
060-STYX-U21-1-2,060-CASE-U21-1-2
060-WRKI-U21-1-2,060-CASE-U21-1-2
060-WRKI-U21-1-1,060-CASE-U21-1-2
060-BRNT-U21-1-3,060-CASE-U21-1-2
060-BRNT-U21-1-2,060-CASE-U21-1-2
060-BRNT-U21-1-1,060-CASE-U21-1-2
060-HARE-U21-1-2,060-CASE-U21-1-2
060-BURN-U21-1-3,060-CASE-U21-1-2
060-BURN-U21-1-1,060-CASE-U21-1-2
060-PPNI-U21-1-1,060-CASE-U21-1-2
060-PPNI-U21-1-2,060-CASE-U21-1-2
060-PPNI-U21-1-3,060-CASE-U21-1-2
060-BSDL-U21-1-1,060-CASE-U21-1-2
060-BSDL-U21-1-2,060-CASE-U21-1-2
060-BSDL-U21-1-3,060-CASE-U21-1-2
060-NCTW-U21-1-1,060-CASE-U21-1-2
060-NCTW-U21-1-2,060-CASE-U21-1-2
060-NCTW-U21-1-3,060-CASE-U21-1-2
060-NCTE-U21-1-3,060-CASE-U21-1-1
060-NCTE-U21-1-1,060-CASE-U21-1-1
060-BRWD-U21-1-3,060-CASE-U21-1-1
060-PRKL-U21-1-3,060-CASE-U21-1-1
060-MRHU-U21-1-3,060-CASE-U21-1-1
060-MRHU-U21-1-1,060-CASE-U21-1-1
060-BXLN-U21-1-3,060-CASE-U21-1-1
060-CASE-U21-1-3,060-CASE-U21-1-1
060-CASE-U21-1-2,060-CASE-U21-1-1
060-CRNF-U21-1-3,060-CASE-U21-1-1
060-MARS-U21-1-2,060-CASE-U21-1-1
060-STYX-U21-1-3,060-CASE-U21-1-1
060-STYX-U21-1-2,060-CASE-U21-1-1
060-STYX-U21-1-1,060-CASE-U21-1-1
060-BRNT-U21-1-1,060-CASE-U21-1-1
060-CWTR-U21-1-3,060-CASE-U21-1-1
060-CWTR-U21-1-2,060-CASE-U21-1-1
060-HARE-U21-1-2,060-CASE-U21-1-1
060-HARE-U21-1-1,060-CASE-U21-1-1
060-PPNI-U21-1-1,060-CASE-U21-1-1
060-BLFS-U21-1-2,060-CASE-U21-1-1
060-BSDL-U21-1-1,060-CASE-U21-1-1
060-BSDL-U21-1-3,060-CASE-U21-1-1
060-NCTW-U21-1-1,060-CASE-U21-1-1
060-NCTW-U21-1-2,060-CASE-U21-1-1
060-NCTW-U21-1-3,060-CASE-U21-1-1
060-NCTE-U21-1-1,060-STYX-U21-1-3
060-ATOW-U21-1-1,060-STYX-U21-1-3
060-CAIR-U21-1-1,060-STYX-U21-1-3
060-CASE-U21-1-3,060-STYX-U21-1-3
060-CASE-U21-1-1,060-STYX-U21-1-3
060-MARS-U21-1-3,060-STYX-U21-1-3
060-STYX-U21-1-2,060-STYX-U21-1-3
060-STYX-U21-1-1,060-STYX-U21-1-3
060-WRKI-U21-1-1,060-STYX-U21-1-3
060-BRNT-U21-1-1,060-STYX-U21-1-3
060-CWTR-U21-1-3,060-STYX-U21-1-3
060-CWTR-U21-1-2,060-STYX-U21-1-3
060-CWTR-U21-1-1,060-STYX-U21-1-3
060-HARE-U21-1-3,060-STYX-U21-1-3
060-HARE-U21-1-2,060-STYX-U21-1-3
060-HARE-U21-1-1,060-STYX-U21-1-3
060-BRND-U21-1-2,060-STYX-U21-1-3
060-PPNI-U21-1-1,060-STYX-U21-1-3
060-BLFS-U21-1-3,060-STYX-U21-1-3
060-BSDL-U21-1-3,060-STYX-U21-1-3
060-NCTW-U21-1-1,060-STYX-U21-1-3
060-NCTW-U21-1-3,060-STYX-U21-1-3
060-NCTE-U21-1-3,060-STYX-U21-1-2
060-NCTE-U21-1-2,060-STYX-U21-1-2
060-NCTE-U21-1-1,060-STYX-U21-1-2
060-MRHU-U21-1-3,060-STYX-U21-1-2
060-MRVL-U21-1-3,060-STYX-U21-1-2
060-ELMW-U21-1-1,060-STYX-U21-1-2
060-CASE-U21-1-2,060-STYX-U21-1-2
060-CASE-U21-1-1,060-STYX-U21-1-2
060-CRNF-U21-1-3,060-STYX-U21-1-2
060-CRNF-U21-1-2,060-STYX-U21-1-2
060-STYX-U21-1-3,060-STYX-U21-1-2
060-STYX-U21-1-1,060-STYX-U21-1-2
060-BRNT-U21-1-1,060-STYX-U21-1-2
060-CWTR-U21-1-2,060-STYX-U21-1-2
060-HARE-U21-1-2,060-STYX-U21-1-2
060-HARE-U21-1-1,060-STYX-U21-1-2
060-STAL-U21-1-3,060-STYX-U21-1-2
060-PPNI-U21-1-1,060-STYX-U21-1-2
060-PPNI-U21-1-2,060-STYX-U21-1-2
060-PPNI-U21-1-3,060-STYX-U21-1-2
060-BLFS-U21-1-2,060-STYX-U21-1-2
060-BSDL-U21-1-1,060-STYX-U21-1-2
060-NCTW-U21-1-1,060-STYX-U21-1-2
060-NCTW-U21-1-2,060-STYX-U21-1-2
060-NCTW-U21-1-3,060-STYX-U21-1-2
060-NCTE-U21-1-1,060-STYX-U21-1-1
060-BRWD-U21-1-3,060-STYX-U21-1-1
060-PRKL-U21-1-3,060-STYX-U21-1-1
060-MRHU-U21-1-3,060-STYX-U21-1-1
060-MRHU-U21-1-1,060-STYX-U21-1-1
060-NTBH-U21-1-3,060-STYX-U21-1-1
060-CASE-U21-1-1,060-STYX-U21-1-1
060-MARS-U21-1-3,060-STYX-U21-1-1
060-MARS-U21-1-2,060-STYX-U21-1-1
060-MARS-U21-1-1,060-STYX-U21-1-1
060-STYX-U21-1-3,060-STYX-U21-1-1
060-STYX-U21-1-2,060-STYX-U21-1-1
060-CWTR-U21-1-3,060-STYX-U21-1-1
060-CWTR-U21-1-2,060-STYX-U21-1-1
060-CWTR-U21-1-1,060-STYX-U21-1-1
060-SPVL-U21-1-3,060-STYX-U21-1-1
060-SPVL-U21-1-2,060-STYX-U21-1-1
060-HARE-U21-1-1,060-STYX-U21-1-1
060-BRND-U21-1-1,060-STYX-U21-1-1
060-BRND-U21-1-2,060-STYX-U21-1-1
060-BRND-U21-1-3,060-STYX-U21-1-1
060-PPNI-U21-1-1,060-STYX-U21-1-1
060-BLFS-U21-1-1,060-STYX-U21-1-1
060-BLFS-U21-1-2,060-STYX-U21-1-1
060-BLFS-U21-1-3,060-STYX-U21-1-1
060-BSDL-U21-1-1,060-STYX-U21-1-1
060-NCTW-U21-1-1,060-STYX-U21-1-1
060-BRMF-U21-1-3,060-WRKI-U21-1-3
060-YALD-U21-1-3,060-WRKI-U21-1-3
060-YALD-U21-1-1,060-WRKI-U21-1-3
060-CUNI-U21-1-3,060-WRKI-U21-1-3
060-WAIM-U21-1-3,060-WRKI-U21-1-3
060-HYDE-U21-1-3,060-WRKI-U21-1-3
060-HYDE-U21-1-1,060-WRKI-U21-1-3
060-ATOW-U21-1-3,060-WRKI-U21-1-3
060-ATOW-U21-1-2,060-WRKI-U21-1-3
060-ATOW-U21-1-1,060-WRKI-U21-1-3
060-CAIR-U21-1-3,060-WRKI-U21-1-3
060-CAIR-U21-1-2,060-WRKI-U21-1-3
060-CAIR-U21-1-1,060-WRKI-U21-1-3
060-WRKI-U21-1-2,060-WRKI-U21-1-3
060-WRKI-U21-1-1,060-WRKI-U21-1-3
060-BRNT-U21-1-3,060-WRKI-U21-1-3
060-HARE-U21-1-3,060-WRKI-U21-1-3
060-BURN-U21-1-3,060-WRKI-U21-1-3
060-BURN-U21-1-2,060-WRKI-U21-1-3
060-BURN-U21-1-1,060-WRKI-U21-1-3
060-PPNI-U21-1-3,060-WRKI-U21-1-3
060-BSDL-U21-1-2,060-WRKI-U21-1-3
060-BRMF-U21-1-1,060-WRKI-U21-1-2
060-SPRK-U21-1-1,060-WRKI-U21-1-2
060-CUNI-U21-1-3,060-WRKI-U21-1-2
060-CUNI-U21-1-1,060-WRKI-U21-1-2
060-WAIM-U21-1-3,060-WRKI-U21-1-2
060-WAIM-U21-1-2,060-WRKI-U21-1-2
060-WAIM-U21-1-1,060-WRKI-U21-1-2
060-HYDE-U21-1-1,060-WRKI-U21-1-2
060-ELMW-U21-1-3,060-WRKI-U21-1-2
060-ELMW-U21-1-1,060-WRKI-U21-1-2
060-CAIR-U21-1-2,060-WRKI-U21-1-2
060-LTTN-U21-1-3,060-WRKI-U21-1-2
060-CASE-U21-1-2,060-WRKI-U21-1-2
060-WRKI-U21-1-3,060-WRKI-U21-1-2
060-WRKI-U21-1-1,060-WRKI-U21-1-2
060-BRNT-U21-1-3,060-WRKI-U21-1-2
060-BRNT-U21-1-2,060-WRKI-U21-1-2
060-BRNT-U21-1-1,060-WRKI-U21-1-2
060-DHBR-U21-1-3,060-WRKI-U21-1-2
060-HARE-U21-1-2,060-WRKI-U21-1-2
060-BURN-U21-1-3,060-WRKI-U21-1-2
060-BURN-U21-1-1,060-WRKI-U21-1-2
060-PPNI-U21-1-3,060-WRKI-U21-1-2
060-BRYN-U21-1-1,060-WRKI-U21-1-2
060-BRYN-U21-1-2,060-WRKI-U21-1-2
060-BRYN-U21-1-3,060-WRKI-U21-1-2
060-BSDL-U21-1-1,060-WRKI-U21-1-2
060-BSDL-U21-1-2,060-WRKI-U21-1-2
060-BSDL-U21-1-3,060-WRKI-U21-1-2
060-NCTW-U21-1-3,060-WRKI-U21-1-2
060-HYDE-U21-1-1,060-WRKI-U21-1-1
060-ATOW-U21-1-1,060-WRKI-U21-1-1
060-ELMW-U21-1-3,060-WRKI-U21-1-1
060-CAIR-U21-1-2,060-WRKI-U21-1-1
060-CAIR-U21-1-1,060-WRKI-U21-1-1
060-CASE-U21-1-3,060-WRKI-U21-1-1
060-CASE-U21-1-2,060-WRKI-U21-1-1
060-STYX-U21-1-3,060-WRKI-U21-1-1
060-WRKI-U21-1-3,060-WRKI-U21-1-1
060-WRKI-U21-1-2,060-WRKI-U21-1-1
060-BRNT-U21-1-3,060-WRKI-U21-1-1
060-BRNT-U21-1-1,060-WRKI-U21-1-1
060-HARE-U21-1-3,060-WRKI-U21-1-1
060-HARE-U21-1-2,060-WRKI-U21-1-1
060-BURN-U21-1-3,060-WRKI-U21-1-1
060-BURN-U21-1-1,060-WRKI-U21-1-1
060-PPNI-U21-1-3,060-WRKI-U21-1-1
060-BSDL-U21-1-2,060-WRKI-U21-1-1
060-BSDL-U21-1-3,060-WRKI-U21-1-1
060-NCTW-U21-1-3,060-WRKI-U21-1-1
060-BRMF-U21-1-1,060-BRNT-U21-1-3
060-RUSE-U21-1-1,060-BRNT-U21-1-3
060-YALD-U21-1-3,060-BRNT-U21-1-3
060-CUNI-U21-1-3,060-BRNT-U21-1-3
060-CUNI-U21-1-1,060-BRNT-U21-1-3
060-WAIM-U21-1-3,060-BRNT-U21-1-3
060-WAIM-U21-1-1,060-BRNT-U21-1-3
060-HYDE-U21-1-3,060-BRNT-U21-1-3
060-HYDE-U21-1-1,060-BRNT-U21-1-3
060-ATOW-U21-1-3,060-BRNT-U21-1-3
060-ATOW-U21-1-2,060-BRNT-U21-1-3
060-ATOW-U21-1-1,060-BRNT-U21-1-3
060-ELMW-U21-1-3,060-BRNT-U21-1-3
060-CAIR-U21-1-3,060-BRNT-U21-1-3
060-CAIR-U21-1-2,060-BRNT-U21-1-3
060-CASE-U21-1-2,060-BRNT-U21-1-3
060-WRKI-U21-1-3,060-BRNT-U21-1-3
060-WRKI-U21-1-2,060-BRNT-U21-1-3
060-WRKI-U21-1-1,060-BRNT-U21-1-3
060-BRNT-U21-1-2,060-BRNT-U21-1-3
060-BRNT-U21-1-1,060-BRNT-U21-1-3
060-HARE-U21-1-2,060-BRNT-U21-1-3
060-BURN-U21-1-3,060-BRNT-U21-1-3
060-BURN-U21-1-2,060-BRNT-U21-1-3
060-BURN-U21-1-1,060-BRNT-U21-1-3
060-PPNI-U21-1-3,060-BRNT-U21-1-3
060-BRYN-U21-1-1,060-BRNT-U21-1-3
060-BRYN-U21-1-3,060-BRNT-U21-1-3
060-BSDL-U21-1-2,060-BRNT-U21-1-3
060-BSDL-U21-1-3,060-BRNT-U21-1-3
060-NCTW-U21-1-3,060-BRNT-U21-1-3
060-NCTE-U21-1-3,060-BRNT-U21-1-2
060-RCTN-U21-1-3,060-BRNT-U21-1-2
060-RCTN-U21-1-1,060-BRNT-U21-1-2
060-RUSE-U21-1-1,060-BRNT-U21-1-2
060-STHX-U21-1-3,060-BRNT-U21-1-2
060-MRVL-U21-1-3,060-BRNT-U21-1-2
060-CUNI-U21-1-3,060-BRNT-U21-1-2
060-CUNI-U21-1-2,060-BRNT-U21-1-2
060-CUNI-U21-1-1,060-BRNT-U21-1-2
060-WAIM-U21-1-1,060-BRNT-U21-1-2
060-HYDE-U21-1-1,060-BRNT-U21-1-2
060-ELMW-U21-1-3,060-BRNT-U21-1-2
060-ELMW-U21-1-2,060-BRNT-U21-1-2
060-ELMW-U21-1-1,060-BRNT-U21-1-2
060-CASE-U21-1-2,060-BRNT-U21-1-2
060-BSHN-U21-1-1,060-BRNT-U21-1-2
060-WRKI-U21-1-2,060-BRNT-U21-1-2
060-BRNT-U21-1-3,060-BRNT-U21-1-2
060-BRNT-U21-1-1,060-BRNT-U21-1-2
060-CLTN-U21-1-3,060-BRNT-U21-1-2
060-HARE-U21-1-2,060-BRNT-U21-1-2
060-BURN-U21-1-1,060-BRNT-U21-1-2
060-PPNI-U21-1-2,060-BRNT-U21-1-2
060-PPNI-U21-1-3,060-BRNT-U21-1-2
060-BRYN-U21-1-1,060-BRNT-U21-1-2
060-BRYN-U21-1-2,060-BRNT-U21-1-2
060-BRYN-U21-1-3,060-BRNT-U21-1-2
060-BSDL-U21-1-1,060-BRNT-U21-1-2
060-BSDL-U21-1-2,060-BRNT-U21-1-2
060-NCTW-U21-1-2,060-BRNT-U21-1-2
060-FEND-U21-1-1,060-BRNT-U21-1-2
060-FEND-U21-1-2,060-BRNT-U21-1-2
060-FEND-U21-1-3,060-BRNT-U21-1-2
060-RIWH-U21-1-1,060-BRNT-U21-1-2
060-NCTE-U21-1-3,060-BRNT-U21-1-1
060-NCTE-U21-1-1,060-BRNT-U21-1-1
060-CUNI-U21-1-3,060-BRNT-U21-1-1
060-CUNI-U21-1-1,060-BRNT-U21-1-1
060-HYDE-U21-1-1,060-BRNT-U21-1-1
060-ELMW-U21-1-3,060-BRNT-U21-1-1
060-CAIR-U21-1-2,060-BRNT-U21-1-1
060-CAIR-U21-1-1,060-BRNT-U21-1-1
060-CASE-U21-1-3,060-BRNT-U21-1-1
060-CASE-U21-1-2,060-BRNT-U21-1-1
060-CASE-U21-1-1,060-BRNT-U21-1-1
060-CRNF-U21-1-3,060-BRNT-U21-1-1
060-STYX-U21-1-3,060-BRNT-U21-1-1
060-STYX-U21-1-2,060-BRNT-U21-1-1
060-WRKI-U21-1-2,060-BRNT-U21-1-1
060-WRKI-U21-1-1,060-BRNT-U21-1-1
060-BRNT-U21-1-3,060-BRNT-U21-1-1
060-BRNT-U21-1-2,060-BRNT-U21-1-1
060-HARE-U21-1-2,060-BRNT-U21-1-1
060-BURN-U21-1-3,060-BRNT-U21-1-1
060-BURN-U21-1-1,060-BRNT-U21-1-1
060-PPNI-U21-1-1,060-BRNT-U21-1-1
060-PPNI-U21-1-3,060-BRNT-U21-1-1
060-BRYN-U21-1-1,060-BRNT-U21-1-1
060-BLFS-U21-1-1,060-BRNT-U21-1-1
060-BSDL-U21-1-1,060-BRNT-U21-1-1
060-BSDL-U21-1-2,060-BRNT-U21-1-1
060-BSDL-U21-1-3,060-BRNT-U21-1-1
060-NCTW-U21-1-1,060-BRNT-U21-1-1
060-NCTW-U21-1-2,060-BRNT-U21-1-1
060-NCTW-U21-1-3,060-BRNT-U21-1-1
060-NCTE-U21-1-1,060-CWTR-U21-1-3
060-GHOT-U21-1-1,060-CWTR-U21-1-3
060-GHOT-U21-1-2,060-CWTR-U21-1-3
060-ATOW-U21-1-1,060-CWTR-U21-1-3
060-CAIR-U21-1-1,060-CWTR-U21-1-3
060-CASE-U21-1-3,060-CWTR-U21-1-3
060-CASE-U21-1-1,060-CWTR-U21-1-3
060-MARS-U21-1-3,060-CWTR-U21-1-3
060-STYX-U21-1-3,060-CWTR-U21-1-3
060-STYX-U21-1-1,060-CWTR-U21-1-3
060-CWTR-U21-1-2,060-CWTR-U21-1-3
060-CWTR-U21-1-1,060-CWTR-U21-1-3
060-HARE-U21-1-3,060-CWTR-U21-1-3
060-HARE-U21-1-2,060-CWTR-U21-1-3
060-HARE-U21-1-1,060-CWTR-U21-1-3
060-BRND-U21-1-2,060-CWTR-U21-1-3
060-PPNI-U21-1-1,060-CWTR-U21-1-3
060-BLFS-U21-1-3,060-CWTR-U21-1-3
060-BSDL-U21-1-3,060-CWTR-U21-1-3
060-NCTW-U21-1-1,060-CWTR-U21-1-3
059-OHOK-U21-1-2,060-CWTR-U21-1-3
059-OHOK-U21-1-3,060-CWTR-U21-1-3
060-NCTE-U21-1-2,060-CWTR-U21-1-2
060-NCTE-U21-1-1,060-CWTR-U21-1-2
060-CSWY-U21-1-2,060-CWTR-U21-1-2
060-MTPT-U21-1-2,060-CWTR-U21-1-2
060-BRWD-U21-1-3,060-CWTR-U21-1-2
060-PRKL-U21-1-3,060-CWTR-U21-1-2
060-MRHU-U21-1-3,060-CWTR-U21-1-2
060-STSH-U21-1-2,060-CWTR-U21-1-2
060-BXLN-U21-1-3,060-CWTR-U21-1-2
060-LTTN-U21-1-1,060-CWTR-U21-1-2
060-CASE-U21-1-1,060-CWTR-U21-1-2
060-CRNF-U21-1-3,060-CWTR-U21-1-2
060-MARS-U21-1-3,060-CWTR-U21-1-2
060-MARS-U21-1-2,060-CWTR-U21-1-2
060-MARS-U21-1-1,060-CWTR-U21-1-2
060-STYX-U21-1-3,060-CWTR-U21-1-2
060-STYX-U21-1-2,060-CWTR-U21-1-2
060-STYX-U21-1-1,060-CWTR-U21-1-2
060-CWTR-U21-1-3,060-CWTR-U21-1-2
060-CWTR-U21-1-1,060-CWTR-U21-1-2
060-SPVL-U21-1-3,060-CWTR-U21-1-2
060-SPVL-U21-1-2,060-CWTR-U21-1-2
060-HARE-U21-1-1,060-CWTR-U21-1-2
060-BRND-U21-1-2,060-CWTR-U21-1-2
060-PPNI-U21-1-1,060-CWTR-U21-1-2
060-BLFS-U21-1-2,060-CWTR-U21-1-2
060-BLFS-U21-1-3,060-CWTR-U21-1-2
060-BSDL-U21-1-1,060-CWTR-U21-1-2
060-NCTW-U21-1-1,060-CWTR-U21-1-2
060-NCTE-U21-1-1,060-CWTR-U21-1-1
060-SLBR-U21-1-1,060-CWTR-U21-1-1
060-GHOT-U21-1-2,060-CWTR-U21-1-1
060-MARS-U21-1-3,060-CWTR-U21-1-1
060-STYX-U21-1-3,060-CWTR-U21-1-1
060-STYX-U21-1-1,060-CWTR-U21-1-1
060-CWTR-U21-1-3,060-CWTR-U21-1-1
060-CWTR-U21-1-2,060-CWTR-U21-1-1
060-HARE-U21-1-1,060-CWTR-U21-1-1
060-NBRT-U21-1-3,060-CWTR-U21-1-1
060-BRND-U21-1-1,060-CWTR-U21-1-1
060-BRND-U21-1-2,060-CWTR-U21-1-1
060-BRND-U21-1-3,060-CWTR-U21-1-1
060-BLFS-U21-1-1,060-CWTR-U21-1-1
060-BLFS-U21-1-2,060-CWTR-U21-1-1
060-BLFS-U21-1-3,060-CWTR-U21-1-1
060-NCTW-U21-1-1,060-CWTR-U21-1-1
059-OHOK-U21-1-2,060-CWTR-U21-1-1
059-KAIA-U21-1-2,060-CWTR-U21-1-1
060-BRMF-U21-1-3,060-HARE-U21-1-3
060-YALD-U21-1-3,060-HARE-U21-1-3
060-YALD-U21-1-1,060-HARE-U21-1-3
060-CUNI-U21-1-3,060-HARE-U21-1-3
060-HYDE-U21-1-3,060-HARE-U21-1-3
060-ATOW-U21-1-3,060-HARE-U21-1-3
060-ATOW-U21-1-1,060-HARE-U21-1-3
060-CAIR-U21-1-3,060-HARE-U21-1-3
060-CAIR-U21-1-1,060-HARE-U21-1-3
060-CASE-U21-1-3,060-HARE-U21-1-3
060-STYX-U21-1-3,060-HARE-U21-1-3
060-WRKI-U21-1-3,060-HARE-U21-1-3
060-WRKI-U21-1-1,060-HARE-U21-1-3
060-CWTR-U21-1-3,060-HARE-U21-1-3
060-HARE-U21-1-2,060-HARE-U21-1-3
060-HARE-U21-1-1,060-HARE-U21-1-3
060-BURN-U21-1-3,060-HARE-U21-1-3
060-PPNI-U21-1-3,060-HARE-U21-1-3
060-BSDL-U21-1-3,060-HARE-U21-1-3
060-NCTW-U21-1-3,060-HARE-U21-1-3
059-OHOK-U21-1-3,060-HARE-U21-1-3
062-WMLC-U21-1-1,060-HARE-U21-1-3
060-NCTE-U21-1-3,060-HARE-U21-1-2
060-SMNR-U21-1-1,060-HARE-U21-1-2
060-CUNI-U21-1-1,060-HARE-U21-1-2
060-HYDE-U21-1-1,060-HARE-U21-1-2
060-ATOW-U21-1-1,060-HARE-U21-1-2
060-ELMW-U21-1-3,060-HARE-U21-1-2
060-ELMW-U21-1-2,060-HARE-U21-1-2
060-CAIR-U21-1-2,060-HARE-U21-1-2
060-CAIR-U21-1-1,060-HARE-U21-1-2
060-CASE-U21-1-3,060-HARE-U21-1-2
060-CASE-U21-1-2,060-HARE-U21-1-2
060-CASE-U21-1-1,060-HARE-U21-1-2
060-CRNF-U21-1-3,060-HARE-U21-1-2
060-STYX-U21-1-3,060-HARE-U21-1-2
060-STYX-U21-1-2,060-HARE-U21-1-2
060-WRKI-U21-1-2,060-HARE-U21-1-2
060-WRKI-U21-1-1,060-HARE-U21-1-2
060-BRNT-U21-1-3,060-HARE-U21-1-2
060-BRNT-U21-1-2,060-HARE-U21-1-2
060-BRNT-U21-1-1,060-HARE-U21-1-2
060-CWTR-U21-1-3,060-HARE-U21-1-2
060-HARE-U21-1-3,060-HARE-U21-1-2
060-HARE-U21-1-1,060-HARE-U21-1-2
060-BURN-U21-1-3,060-HARE-U21-1-2
060-BURN-U21-1-1,060-HARE-U21-1-2
060-PPNI-U21-1-1,060-HARE-U21-1-2
060-PPNI-U21-1-3,060-HARE-U21-1-2
060-BRYN-U21-1-2,060-HARE-U21-1-2
060-BSDL-U21-1-1,060-HARE-U21-1-2
060-BSDL-U21-1-2,060-HARE-U21-1-2
060-BSDL-U21-1-3,060-HARE-U21-1-2
060-NCTW-U21-1-1,060-HARE-U21-1-2
060-NCTW-U21-1-2,060-HARE-U21-1-2
060-NCTW-U21-1-3,060-HARE-U21-1-2
060-NCTE-U21-1-1,060-HARE-U21-1-1
060-BRWD-U21-1-3,060-HARE-U21-1-1
060-GHOT-U21-1-2,060-HARE-U21-1-1
060-PRKL-U21-1-3,060-HARE-U21-1-1
060-MRHU-U21-1-3,060-HARE-U21-1-1
060-ATOW-U21-1-1,060-HARE-U21-1-1
060-CAIR-U21-1-1,060-HARE-U21-1-1
060-CASE-U21-1-3,060-HARE-U21-1-1
060-CASE-U21-1-1,060-HARE-U21-1-1
060-MARS-U21-1-3,060-HARE-U21-1-1
060-MARS-U21-1-2,060-HARE-U21-1-1
060-MARS-U21-1-1,060-HARE-U21-1-1
060-STYX-U21-1-3,060-HARE-U21-1-1
060-STYX-U21-1-2,060-HARE-U21-1-1
060-STYX-U21-1-1,060-HARE-U21-1-1
060-CWTR-U21-1-3,060-HARE-U21-1-1
060-CWTR-U21-1-2,060-HARE-U21-1-1
060-CWTR-U21-1-1,060-HARE-U21-1-1
060-SPVL-U21-1-2,060-HARE-U21-1-1
060-SPVL-U21-1-1,060-HARE-U21-1-1
060-HARE-U21-1-3,060-HARE-U21-1-1
060-HARE-U21-1-2,060-HARE-U21-1-1
060-BRND-U21-1-1,060-HARE-U21-1-1
060-BRND-U21-1-2,060-HARE-U21-1-1
060-BRND-U21-1-3,060-HARE-U21-1-1
060-PPNI-U21-1-1,060-HARE-U21-1-1
060-BLFS-U21-1-1,060-HARE-U21-1-1
060-BLFS-U21-1-2,060-HARE-U21-1-1
060-BLFS-U21-1-3,060-HARE-U21-1-1
060-BSDL-U21-1-3,060-HARE-U21-1-1
060-NCTW-U21-1-1,060-HARE-U21-1-1
060-NCTW-U21-1-3,060-HARE-U21-1-1
059-OHOK-U21-1-2,060-HARE-U21-1-1
059-OHOK-U21-1-3,060-HARE-U21-1-1
060-NCTE-U21-1-2,060-SHRL-U21-1-1
060-AVND-U21-1-3,060-SHRL-U21-1-1
060-DALL-U21-1-3,060-SHRL-U21-1-1
060-DALL-U21-1-2,060-SHRL-U21-1-1
060-DALL-U21-1-1,060-SHRL-U21-1-1
060-SLBR-U21-1-1,060-SHRL-U21-1-1
060-STHX-U21-1-1,060-SHRL-U21-1-1
060-ARAN-U21-1-3,060-SHRL-U21-1-1
060-MRHU-U21-1-2,060-SHRL-U21-1-1
060-MRHU-U21-1-1,060-SHRL-U21-1-1
060-MRVL-U21-1-1,060-SHRL-U21-1-1
060-QEII-U21-1-3,060-SHRL-U21-1-1
060-CRNF-U21-1-1,060-SHRL-U21-1-1
060-CLTN-U21-1-1,060-SHRL-U21-1-1
060-STAL-U21-1-1,060-SHRL-U21-1-1
060-WANN-U21-1-3,060-SHRL-U21-1-1
060-SHRL-U21-1-2,060-SHRL-U21-1-1
060-SHRL-U21-1-3,060-SHRL-U21-1-1
060-AVON-U21-1-1,060-SHRL-U21-1-1
060-CEXC-U21-1-1,060-SHRL-U21-1-1
060-DALL-U21-1-3,060-SHRL-U21-1-2
060-DALL-U21-1-2,060-SHRL-U21-1-2
060-AVWE-U21-1-3,060-SHRL-U21-1-2
060-AVWE-U21-1-2,060-SHRL-U21-1-2
060-AVWE-U21-1-1,060-SHRL-U21-1-2
060-SLBR-U21-1-2,060-SHRL-U21-1-2
060-SLBR-U21-1-1,060-SHRL-U21-1-2
060-STHX-U21-1-1,060-SHRL-U21-1-2
060-STHX-U21-1-2,060-SHRL-U21-1-2
060-GHOT-U21-1-1,060-SHRL-U21-1-2
060-MRHU-U21-1-2,060-SHRL-U21-1-2
060-ESTG-U21-1-3,060-SHRL-U21-1-2
060-MRVL-U21-1-1,060-SHRL-U21-1-2
060-LTTN-U21-1-1,060-SHRL-U21-1-2
060-CLTN-U21-1-1,060-SHRL-U21-1-2
060-RCMD-U21-1-3,060-SHRL-U21-1-2
060-STAL-U21-1-2,060-SHRL-U21-1-2
060-STAL-U21-1-1,060-SHRL-U21-1-2
060-SHRL-U21-1-1,060-SHRL-U21-1-2
060-SHRL-U21-1-3,060-SHRL-U21-1-2
060-PPNI-U21-1-2,060-SHRL-U21-1-2
060-AVON-U21-1-1,060-SHRL-U21-1-2
060-AVON-U21-1-2,060-SHRL-U21-1-2
060-AVON-U21-1-3,060-SHRL-U21-1-2
060-CEXC-U21-1-1,060-SHRL-U21-1-2
060-NCTE-U21-1-2,060-SHRL-U21-1-3
060-DALL-U21-1-3,060-SHRL-U21-1-3
060-SLBR-U21-1-1,060-SHRL-U21-1-3
060-STHX-U21-1-1,060-SHRL-U21-1-3
060-MRHU-U21-1-3,060-SHRL-U21-1-3
060-MRHU-U21-1-2,060-SHRL-U21-1-3
060-MRVL-U21-1-1,060-SHRL-U21-1-3
060-CRNF-U21-1-2,060-SHRL-U21-1-3
060-CRNF-U21-1-1,060-SHRL-U21-1-3
060-CLTN-U21-1-1,060-SHRL-U21-1-3
060-STAL-U21-1-3,060-SHRL-U21-1-3
060-STAL-U21-1-2,060-SHRL-U21-1-3
060-STAL-U21-1-1,060-SHRL-U21-1-3
060-WANN-U21-1-3,060-SHRL-U21-1-3
060-SHRL-U21-1-1,060-SHRL-U21-1-3
060-SHRL-U21-1-2,060-SHRL-U21-1-3
060-PPNI-U21-1-2,060-SHRL-U21-1-3
060-AVON-U21-1-3,060-SHRL-U21-1-3
060-NCTE-U21-1-3,060-BSDL-U21-1-1
060-NCTE-U21-1-2,060-BSDL-U21-1-1
060-NCTE-U21-1-1,060-BSDL-U21-1-1
060-MRHU-U21-1-3,060-BSDL-U21-1-1
060-MRHU-U21-1-2,060-BSDL-U21-1-1
060-MRHU-U21-1-1,060-BSDL-U21-1-1
060-CUNI-U21-1-1,060-BSDL-U21-1-1
060-ELMW-U21-1-3,060-BSDL-U21-1-1
060-ELMW-U21-1-1,060-BSDL-U21-1-1
060-CASE-U21-1-2,060-BSDL-U21-1-1
060-CASE-U21-1-1,060-BSDL-U21-1-1
060-CRNF-U21-1-3,060-BSDL-U21-1-1
060-CRNF-U21-1-1,060-BSDL-U21-1-1
060-STYX-U21-1-2,060-BSDL-U21-1-1
060-STYX-U21-1-1,060-BSDL-U21-1-1
060-WRKI-U21-1-2,060-BSDL-U21-1-1
060-BRNT-U21-1-2,060-BSDL-U21-1-1
060-BRNT-U21-1-1,060-BSDL-U21-1-1
060-CWTR-U21-1-2,060-BSDL-U21-1-1
060-HARE-U21-1-2,060-BSDL-U21-1-1
060-STAL-U21-1-3,060-BSDL-U21-1-1
060-PPNI-U21-1-1,060-BSDL-U21-1-1
060-PPNI-U21-1-2,060-BSDL-U21-1-1
060-PPNI-U21-1-3,060-BSDL-U21-1-1
060-BSDL-U21-1-2,060-BSDL-U21-1-1
060-BSDL-U21-1-3,060-BSDL-U21-1-1
060-NCTW-U21-1-1,060-BSDL-U21-1-1
060-NCTW-U21-1-2,060-BSDL-U21-1-1
060-NCTW-U21-1-3,060-BSDL-U21-1-1
060-BRMF-U21-1-1,060-BSDL-U21-1-2
060-RUSE-U21-1-1,060-BSDL-U21-1-2
060-CUNI-U21-1-3,060-BSDL-U21-1-2
060-WAIM-U21-1-3,060-BSDL-U21-1-2
060-WAIM-U21-1-1,060-BSDL-U21-1-2
060-HYDE-U21-1-3,060-BSDL-U21-1-2
060-HYDE-U21-1-1,060-BSDL-U21-1-2
060-ATOW-U21-1-3,060-BSDL-U21-1-2
060-ATOW-U21-1-2,060-BSDL-U21-1-2
060-ELMW-U21-1-3,060-BSDL-U21-1-2
060-CAIR-U21-1-2,060-BSDL-U21-1-2
060-CASE-U21-1-2,060-BSDL-U21-1-2
060-WRKI-U21-1-3,060-BSDL-U21-1-2
060-WRKI-U21-1-2,060-BSDL-U21-1-2
060-WRKI-U21-1-1,060-BSDL-U21-1-2
060-BRNT-U21-1-3,060-BSDL-U21-1-2
060-BRNT-U21-1-2,060-BSDL-U21-1-2
060-BRNT-U21-1-1,060-BSDL-U21-1-2
060-HARE-U21-1-2,060-BSDL-U21-1-2
060-BURN-U21-1-3,060-BSDL-U21-1-2
060-BURN-U21-1-2,060-BSDL-U21-1-2
060-BURN-U21-1-1,060-BSDL-U21-1-2
060-PPNI-U21-1-3,060-BSDL-U21-1-2
060-BRYN-U21-1-1,060-BSDL-U21-1-2
060-BRYN-U21-1-3,060-BSDL-U21-1-2
060-BSDL-U21-1-1,060-BSDL-U21-1-2
060-BSDL-U21-1-3,060-BSDL-U21-1-2
060-ATOW-U21-1-1,060-BSDL-U21-1-3
060-ELMW-U21-1-3,060-BSDL-U21-1-3
060-CAIR-U21-1-1,060-BSDL-U21-1-3
060-CASE-U21-1-3,060-BSDL-U21-1-3
060-CASE-U21-1-2,060-BSDL-U21-1-3
060-CASE-U21-1-1,060-BSDL-U21-1-3
060-STYX-U21-1-3,060-BSDL-U21-1-3
060-WRKI-U21-1-2,060-BSDL-U21-1-3
060-WRKI-U21-1-1,060-BSDL-U21-1-3
060-BRNT-U21-1-3,060-BSDL-U21-1-3
060-BRNT-U21-1-1,060-BSDL-U21-1-3
060-CWTR-U21-1-3,060-BSDL-U21-1-3
060-HARE-U21-1-3,060-BSDL-U21-1-3
060-HARE-U21-1-2,060-BSDL-U21-1-3
060-HARE-U21-1-1,060-BSDL-U21-1-3
060-BURN-U21-1-3,060-BSDL-U21-1-3
060-BURN-U21-1-1,060-BSDL-U21-1-3
060-PPNI-U21-1-3,060-BSDL-U21-1-3
060-BLFS-U21-1-3,060-BSDL-U21-1-3
060-BSDL-U21-1-1,060-BSDL-U21-1-3
060-BSDL-U21-1-2,060-BSDL-U21-1-3
060-NCTW-U21-1-3,060-BSDL-U21-1-3
060-NCTE-U21-1-3,060-NCTW-U21-1-1
060-NCTE-U21-1-1,060-NCTW-U21-1-1
060-BRWD-U21-1-3,060-NCTW-U21-1-1
060-STHX-U21-1-1,060-NCTW-U21-1-1
060-PRKL-U21-1-3,060-NCTW-U21-1-1
060-MRHU-U21-1-3,060-NCTW-U21-1-1
060-MRHU-U21-1-1,060-NCTW-U21-1-1
060-BXLN-U21-1-3,060-NCTW-U21-1-1
060-MRVL-U21-1-1,060-NCTW-U21-1-1
060-CUNI-U21-1-1,060-NCTW-U21-1-1
060-CASE-U21-1-2,060-NCTW-U21-1-1
060-CASE-U21-1-1,060-NCTW-U21-1-1
060-CRNF-U21-1-3,060-NCTW-U21-1-1
060-MARS-U21-1-3,060-NCTW-U21-1-1
060-MARS-U21-1-2,060-NCTW-U21-1-1
060-MARS-U21-1-1,060-NCTW-U21-1-1
060-STYX-U21-1-3,060-NCTW-U21-1-1
060-STYX-U21-1-2,060-NCTW-U21-1-1
060-STYX-U21-1-1,060-NCTW-U21-1-1
060-BRNT-U21-1-1,060-NCTW-U21-1-1
060-CWTR-U21-1-3,060-NCTW-U21-1-1
060-CWTR-U21-1-2,060-NCTW-U21-1-1
060-CWTR-U21-1-1,060-NCTW-U21-1-1
060-SPVL-U21-1-2,060-NCTW-U21-1-1
060-HARE-U21-1-2,060-NCTW-U21-1-1
060-HARE-U21-1-1,060-NCTW-U21-1-1
060-STAL-U21-1-3,060-NCTW-U21-1-1
060-BRND-U21-1-2,060-NCTW-U21-1-1
060-PPNI-U21-1-1,060-NCTW-U21-1-1
060-BLFS-U21-1-1,060-NCTW-U21-1-1
060-BLFS-U21-1-2,060-NCTW-U21-1-1
060-BLFS-U21-1-3,060-NCTW-U21-1-1
060-BSDL-U21-1-1,060-NCTW-U21-1-1
060-NCTW-U21-1-2,060-NCTW-U21-1-1
060-NCTW-U21-1-3,060-NCTW-U21-1-1
060-NCTE-U21-1-3,060-NCTW-U21-1-2
060-NCTE-U21-1-2,060-NCTW-U21-1-2
060-NCTE-U21-1-1,060-NCTW-U21-1-2
060-MRVL-U21-1-3,060-NCTW-U21-1-2
060-MRVL-U21-1-1,060-NCTW-U21-1-2
060-CUNI-U21-1-1,060-NCTW-U21-1-2
060-ELMW-U21-1-1,060-NCTW-U21-1-2
060-BXLY-U21-1-2,060-NCTW-U21-1-2
060-CASE-U21-1-2,060-NCTW-U21-1-2
060-CASE-U21-1-1,060-NCTW-U21-1-2
060-CRNF-U21-1-3,060-NCTW-U21-1-2
060-CRNF-U21-1-2,060-NCTW-U21-1-2
060-STYX-U21-1-2,060-NCTW-U21-1-2
060-BRNT-U21-1-2,060-NCTW-U21-1-2
060-BRNT-U21-1-1,060-NCTW-U21-1-2
060-HARE-U21-1-2,060-NCTW-U21-1-2
060-STAL-U21-1-3,060-NCTW-U21-1-2
060-PPNI-U21-1-1,060-NCTW-U21-1-2
060-PPNI-U21-1-2,060-NCTW-U21-1-2
060-PPNI-U21-1-3,060-NCTW-U21-1-2
060-BSDL-U21-1-1,060-NCTW-U21-1-2
060-NCTW-U21-1-1,060-NCTW-U21-1-2
060-NCTW-U21-1-3,060-NCTW-U21-1-2
060-NCTE-U21-1-3,060-NCTW-U21-1-3
060-RUSE-U21-1-1,060-NCTW-U21-1-3
060-CUNI-U21-1-1,060-NCTW-U21-1-3
060-HYDE-U21-1-1,060-NCTW-U21-1-3
060-ATOW-U21-1-1,060-NCTW-U21-1-3
060-ELMW-U21-1-3,060-NCTW-U21-1-3
060-CAIR-U21-1-3,060-NCTW-U21-1-3
060-CAIR-U21-1-1,060-NCTW-U21-1-3
060-CASE-U21-1-3,060-NCTW-U21-1-3
060-CASE-U21-1-2,060-NCTW-U21-1-3
060-CASE-U21-1-1,060-NCTW-U21-1-3
060-CRNF-U21-1-3,060-NCTW-U21-1-3
060-STYX-U21-1-3,060-NCTW-U21-1-3
060-STYX-U21-1-2,060-NCTW-U21-1-3
060-WRKI-U21-1-2,060-NCTW-U21-1-3
060-WRKI-U21-1-1,060-NCTW-U21-1-3
060-BRNT-U21-1-3,060-NCTW-U21-1-3
060-BRNT-U21-1-1,060-NCTW-U21-1-3
060-HARE-U21-1-3,060-NCTW-U21-1-3
060-HARE-U21-1-2,060-NCTW-U21-1-3
060-HARE-U21-1-1,060-NCTW-U21-1-3
060-BURN-U21-1-3,060-NCTW-U21-1-3
060-BURN-U21-1-1,060-NCTW-U21-1-3
060-PPNI-U21-1-1,060-NCTW-U21-1-3
060-PPNI-U21-1-3,060-NCTW-U21-1-3
060-BSDL-U21-1-1,060-NCTW-U21-1-3
060-BSDL-U21-1-3,060-NCTW-U21-1-3
060-NCTW-U21-1-1,060-NCTW-U21-1-3
060-NCTW-U21-1-2,060-NCTW-U21-1-3
