040-FTZT-U21-2-3,040-PMNC-U09-1-1
040-FTZT-U21-2-3,042-LVCN-U21-1-1
046-LHTC-U09-1-2,047-MAUP-U21-1-1
046-LHTC-U09-1-2,047-MAUP-U21-2-1
046-LHTC-U09-1-2,047-STUN-U21-1-2
046-LHTC-U21-1-2,047-STUN-U09-1-2
046-LHTC-U21-1-2,047-MAUP-U09-1-1
046-LHTC-U21-1-2,047-MAUP-U21-2-1
046-LHTC-U21-3-2,046-PETS-U09-1-1
046-LHTC-U21-3-2,046-PETS-U21-2-1
046-LHTC-U21-3-2,047-THDN-U21-1-1
046-LHTE-U21-2-2,046-LHTE-U09-1-3
046-MORA-U09-1-1,046-SKVY-U09-1-1
046-MORA-U09-1-1,046-SKVY-U21-1-1
046-MORA-U09-1-3,047-WSTD-U09-1-2
046-MORA-U09-1-3,047-WSTD-U21-1-2
046-MORA-U21-2-3,045-TRNN-U21-1-3
046-MORA-U21-2-3,045-TRNN-U09-1-3
046-SKVY-U21-2-1,047-CHPK-U09-1-1
046-SKVY-U21-2-1,047-CHPK-U21-1-1
046-SKVY-U21-2-1,047-JVLE-U21-1-2
046-SKVY-U21-2-1,047-JVLE-U09-1-2
046-WTRL-U09-1-2,045-MAOR-U21-1-1
046-MGKI-U09-1-2,047-KBNE-U21-1-3
046-PCRW-U09-1-1,047-ADLD-U21-1-1
046-PCRW-U21-1-1,047-ADLD-U09-1-1
046-SKVY-U21-1-1,047-WAIR-U21-1-1
046-SKVY-U21-1-1,047-WAIR-U21-1-2
046-SKVY-U21-1-1,047-WAIR-U21-1-3
046-SKVY-U21-1-1,060-BRND-U21-1-3
040-PMNC-U09-1-1,040-FTZT-U21-2-3
042-LVCN-U21-1-1,040-FTZT-U21-2-3
047-MAUP-U21-1-1,046-LHTC-U09-1-2
047-MAUP-U21-2-1,046-LHTC-U09-1-2
047-STUN-U21-1-2,046-LHTC-U09-1-2
047-STUN-U09-1-2,046-LHTC-U21-1-2
047-MAUP-U09-1-1,046-LHTC-U21-1-2
047-MAUP-U21-2-1,046-LHTC-U21-1-2
046-PETS-U09-1-1,046-LHTC-U21-3-2
046-PETS-U21-2-1,046-LHTC-U21-3-2
047-THDN-U21-1-1,046-LHTC-U21-3-2
046-LHTE-U09-1-3,046-LHTE-U21-2-2
046-SKVY-U09-1-1,046-MORA-U09-1-1
046-SKVY-U21-1-1,046-MORA-U09-1-1
047-WSTD-U09-1-2,046-MORA-U09-1-3
047-WSTD-U21-1-2,046-MORA-U09-1-3
045-TRNN-U21-1-3,046-MORA-U21-2-3
045-TRNN-U09-1-3,046-MORA-U21-2-3
047-CHPK-U09-1-1,046-SKVY-U21-2-1
047-CHPK-U21-1-1,046-SKVY-U21-2-1
047-JVLE-U21-1-2,046-SKVY-U21-2-1
047-JVLE-U09-1-2,046-SKVY-U21-2-1
045-MAOR-U21-1-1,046-WTRL-U09-1-2
047-KBNE-U21-1-3,046-MGKI-U09-1-2
047-ADLD-U21-1-1,046-PCRW-U09-1-1
047-ADLD-U09-1-1,046-PCRW-U21-1-1
047-WAIR-U21-1-1,046-SKVY-U21-1-1
047-WAIR-U21-1-2,046-SKVY-U21-1-1
047-WAIR-U21-1-3,046-SKVY-U21-1-1
060-BRND-U21-1-3,046-SKVY-U21-1-1
