070-WNKH-G09-1-1,000-WBCW-G09-1-1
070-WNKH-G09-1-2,000-WBCW-G09-1-1
070-WNKH-G09-1-3,000-WBCW-G09-1-1
070-WNKH-G09-1-1,000-WBCW-G09-1-2
070-WNKH-G09-1-2,000-WBCW-G09-1-2
070-WNKH-G09-1-3,000-WBCW-G09-1-2
070-WNKH-G09-1-1,000-WBCW-G09-1-3
070-WNKH-G09-1-2,000-WBCW-G09-1-3
070-WNKH-G09-1-3,000-WBCW-G09-1-3
000-WBCW-G09-1-1,070-WNKH-G09-1-1
000-WBCW-G09-1-1,070-WNKH-G09-1-2
000-WBCW-G09-1-1,070-WNKH-G09-1-3
000-WBCW-G09-1-2,070-WNKH-G09-1-1
000-WBCW-G09-1-2,070-WNKH-G09-1-2
000-WBCW-G09-1-2,070-WNKH-G09-1-3
000-WBCW-G09-1-3,070-WNKH-G09-1-1
000-WBCW-G09-1-3,070-WNKH-G09-1-2
000-WBCW-G09-1-3,070-WNKH-G09-1-3
