071-PTCH-U09-1-2,071-PTCH-U09-1-2
071-PTCH-U09-1-2,071-PTCH-U09-1-3
071-PTCH-U09-1-2,071-PTCH-U09-1-1
071-PTCH-U09-1-2,071-MTCG-U09-1-1
071-PTCH-U09-1-2,071-MTCG-U09-1-2
071-PTCH-U09-1-2,071-MCBY-U09-1-1
071-PTCH-U09-1-2,071-MCBY-U09-1-2
071-PTCH-U09-1-2,071-WKAI-U09-1-3
071-PTCH-U09-1-3,071-PTCH-U09-1-2
071-PTCH-U09-1-1,071-PTCH-U09-1-2
071-MTCG-U09-1-1,071-PTCH-U09-1-2
071-MTCG-U09-1-2,071-PTCH-U09-1-2
071-MCBY-U09-1-1,071-PTCH-U09-1-2
071-MCBY-U09-1-2,071-PTCH-U09-1-2
071-WKAI-U09-1-3,071-PTCH-U09-1-2
